big_category,mid_category,product_name,brand,like,price,product_img,codi_img,tags
아우터,숏패딩/숏헤비 아우터,더플 다운,GUESS,"2,457","178,000원",https://image.msscdn.net/images/goods_img/20231016/3630442/3630442_16974445794370_500.jpg,,
상의,맨투맨/스웨트셔츠,마가렛 스웨트셔츠 - 오트밀,OURHOPE,"5,740","72,000원",https://image.msscdn.net/images/goods_img/20230209/3070468/3070468_16759031955428_500.jpg,,
상의,셔츠/블라우스,C 로고 옥스포드 스트라이프 셔츠 라이트 블루,COVERNAT,"6,551","79,000원",https://image.msscdn.net/images/goods_img/20200814/1550595/1550595_16794479149140_500.jpg,,
바지,코튼 팬츠,sea rover pants(womens) beige,UNIFORM BRIDGE WOMEN,38,"129,000원",https://image.msscdn.net/images/goods_img/20230216/3087277/3087277_16769759835428_500.jpg,,
여성 가방,크로스백,마마스 백 라지 -브라운(가죽),TUETTOI,383,,https://image.msscdn.net/images/goods_img/20230419/3247742/3247742_16818977063997_500.jpg,,
양말/레그웨어,양말,AUTHENTIC SOCKS(AUTHENTIC ORANGE),FREI,88,"9,000원",https://image.msscdn.net/images/goods_img/20210302/1821557/1821557_2_500.jpg,,
신발,구두,1461 3홀 빈티지브라운 / 11838201,DR.MARTENS,"6,084","210,000원",https://image.msscdn.net/images/goods_img/20180201/706935/706935_4_500.jpg,,
,,,,,,,https://image.msscdn.net/images/codimap/detail/29874/detail_29874_659ded440a45b_500.jpg?202401121001,"['#겨울', '#아메카지', '#게스', '#구두', '#닥터마틴', '#맨투맨/스웨트셔츠', '#메신저/크로스 백', '#셔츠/블라우스', '#숏패딩/숏헤비 아우터', '#아워호프', '#양말', '#유니폼브릿지 우먼', '#커버낫', '#코튼 팬츠', '#크로스백', '#투에투아', '#프라이', '#코디맵', '#카고', '#와이드핏', '#심볼', '#아메카지', '#레이어드룩', '#플라워', '#레터링']"
상의,니트/스웨터,SIOT4057 cowichan handmade sweater_Navy,SIYAZU,325,"327,000원",https://image.msscdn.net/images/goods_img/20221115/2942961/2942961_1_500.jpg,,
상의,니트/스웨터,우먼스 플로리 와펜 케이블 카라 니트 아이보리,WHATITISNT,"1,055","99,000원",https://image.msscdn.net/images/goods_img/20230720/3418245/3418245_16916334158857_500.jpg,,
바지,데님 팬츠,SIJN6067 기모 뉴와이드 카펜터 팬츠_Brown,SIYAZU,331,"89,000원",https://image.msscdn.net/images/goods_img/20231108/3694081/3694081_16994070477355_500.jpg,,
여성 가방,토트백,MINI HERETIC PADDING BAG / cream,HERETIC,206,,https://image.msscdn.net/images/goods_img/20231004/3603550/3603550_16965731669156_500.jpg,,
액세서리,장갑,베이직 니트 장갑 (레드),DEPASION,27,"57,400원",https://image.msscdn.net/images/goods_img/20230906/3535662/3535662_17000400551148_500.jpg,,
신발,부츠,2976 벡스 크레이지 호스 다크 브라운 / 27896201,DR.MARTENS,624,"280,000원",https://image.msscdn.net/images/goods_img/20220714/2663845/2663845_2_500.jpg,,
,,,,,,,https://image.msscdn.net/images/codimap/detail/29815/detail_29815_659deb04e1186_500.jpg?202401121001,"['#겨울', '#아메카지', '#니트/스웨터', '#닥터마틴', '#데님 팬츠', '#드파시온', '#부츠', '#시야쥬', '#와릿이즌', '#장갑', '#토트백', '#헤레틱', '#코디맵', '#방한', '#퀼팅', '#컬러블록', '#아메카지', '#레터링']"
아우터,레더/라이더스 재킷,스타 레더 자켓(워시드)(오버핏)-브라운,BITTERCELLS,"4,878","149,000원",https://image.msscdn.net/images/goods_img/20230721/3420576/3420576_16925952010901_500.jpg,,
상의,니트/스웨터,Gentle Jacquard Zip-up (Brown),SIENNE,115,,https://image.msscdn.net/images/goods_img/20231110/3703020/3703020_16995906338667_500.jpg,,
바지,데님 팬츠,던 데님 팬츠_브라운,GROVE,827,"128,000원",https://image.msscdn.net/images/goods_img/20220822/2733450/2733450_1_500.jpg,,
모자,비니,SUNNY BEANIE,PINK PINEAPPLE,908,,https://image.msscdn.net/images/goods_img/20221026/2895051/2895051_1_500.jpg,,
여성 가방,크로스백,Bent Rope Bag Chocolate,4OUR B,"3,051","112,000원",https://image.msscdn.net/images/goods_img/20220318/2430278/2430278_3_500.jpg,,
스니커즈,캔버스/단화,척테일러 올스타 러기드 2.0 플랫폼 부츠 엔진 스모크 A05386C,CONVERSE,649,"145,000원",https://image.msscdn.net/images/goods_img/20230908/3543758/3543758_16941471215419_500.jpg,,
,,,,,,,https://image.msscdn.net/images/codimap/detail/29769/detail_29769_659dea47b9638_500.jpg?202401121001,"['#겨울', '#아메카지', '#그로브', '#니트/스웨터', '#데님 팬츠', '#레더/라이더스 재킷', '#메신저/크로스 백', '#비니', '#비터셀즈', '#사비', '#시엔느', '#캔버스/단화', '#컨버스', '#크로스백', '#핑크파인애플', '#코디맵', '#방한', '#워싱', '#레더', '#컬러블록', '#뉴트럴톤', '#아메카지', '#빈티지']"
아우터,겨울 기타 코트,NOI1111 핸드메이드 더플 코트 (라이트그레이),NOIAGO,372,"237,000원",https://image.msscdn.net/images/goods_img/20231030/3669345/3669345_17001043356351_500.jpg,,
상의,맨투맨/스웨트셔츠,Leather stopper point high-neck MTM_Gray,TILL I DIE,590,"89,500원",https://image.msscdn.net/images/goods_img/20230913/3556473/3556473_16945827043187_500.jpg,,
스커트,롱스커트,타이포 스웻 롱 스커트 네이비,LEE,169,"79,000원",https://image.msscdn.net/images/goods_img/20230821/3481290/3481290_16927564068655_500.jpg,,
가방,백팩,하프파인트 LODEN FROST,JANSPORT,987,,https://image.msscdn.net/images/goods_img/20221025/2891384/2891384_16969153830575_500.jpg,,
액세서리,장갑,SIAC3035 부클 장갑_Blue,SIYAZU,"1,314","49,000원",https://image.msscdn.net/images/goods_img/20231108/3694993/3694993_16994116183396_500.jpg,,
스니커즈,패션스니커즈화,X strap maryjane sneakers (3colors),ATT,"2,926","123,000원",https://image.msscdn.net/images/goods_img/20230831/3518019/3518019_16956918564813_500.jpg,,
,,,,,,,https://image.msscdn.net/images/codimap/detail/29759/detail_29759_659dea28595e6_500.jpg?202401121001,"['#겨울', '#겨울 기타 코트', '#노이아고', '#롱스커트', '#리', '#맨투맨/스웨트셔츠', '#백팩', '#시야쥬', '#에이티티', '#잔스포츠', '#장갑', '#틸 아이 다이', '#패션스니커즈화', '#코디맵', '#방한', '#맥시', '#캠퍼스', '#얼죽코', '#오버핏', '#로고플레이', '#편안한', '#아메카지']"
아우터,숏패딩/숏헤비 아우터,글로시 투톤 커브 크롭 숏패딩 _브라운,APOSTROPHE COMMA,510,"229,000원",https://image.msscdn.net/images/goods_img/20231026/3662885/3662885_16983401743577_500.jpg,,
아우터,카디건,TOGGLE BUTTON CARDIGAN IVORY,ROLAROLA,479,"98,000원",https://image.msscdn.net/images/goods_img/20231006/3610374/3610374_16975929878977_500.jpg,,
바지,데님 팬츠,[WIDE] Nimare Jeans,PANDORAFIT,"24,995",,https://image.msscdn.net/images/goods_img/20220914/2788633/2788633_1_500.jpg,,
모자,비니,폭스 라인 비니_Oatmeal,KNITLY,122,,https://image.msscdn.net/images/goods_img/20231023/3648322/3648322_16980417341499_500.jpg,,
여성 가방,크로스백,PECAN BROT [CHOCO BROWN],OSOI,155,,https://image.msscdn.net/images/goods_img/20220311/2412794/2412794_16933679741270_500.jpg,,
스니커즈,캔버스/단화,척테일러 올스타 리프트 플랫폼 셰르파 비치 스톤 A05509C,CONVERSE,384,"95,000원",https://image.msscdn.net/images/goods_img/20231018/3638309/3638309_16980263740249_500.jpg,,
,,,,,,,https://image.msscdn.net/images/codimap/detail/29723/detail_29723_659b5c174cb7b_500.jpg?202401121001,"['#겨울', '#아메카지', '#니틀리', '#데님 팬츠', '#로라로라', '#메신저/크로스 백', '#비니', '#숏패딩/숏헤비 아우터', '#어퍼스트로피 콤마', '#오소이', '#카디건', '#캔버스/단화', '#컨버스', '#크로스백', '#판도라핏', '#코디맵', '#방한', '#글로시', '#워싱', '#컬러블록', '#와이드핏', '#빈티지']"
아우터,나일론/코치 재킷,3Layer Windbreaker Jacket - Khaki,NOT4NERD,"1,606","111,500원",https://image.msscdn.net/images/goods_img/20230329/3191938/3191938_16810680942749_500.jpg,,
아우터,베스트,SPELL POINT STRIPE KNIT VEST IN IVORY,MATIN KIM,"5,457",,https://image.msscdn.net/images/goods_img/20230306/3125670/3125670_16782582117207_500.jpg,,
상의,니트/스웨터,우먼 버튼 다운 슬림 터틀넥 아이보리,COVERNAT,55,"79,000원",https://image.msscdn.net/images/goods_img/20230919/3571400/3571400_16950852537290_500.png,,
바지,코튼 팬츠,(기모옵션추가) 와이드 절개 벌룬팬츠 코튼 베이지,GLW,"11,099","69,000원",https://image.msscdn.net/images/goods_img/20210812/2060778/2060778_17022587627399_500.jpg,,
여성 가방,크로스백,NYLON MINI CROSS BAG(BLACK),HAVISM,"1,610","35,000원",https://image.msscdn.net/images/goods_img/20230421/3253191/3253191_16825019394417_500.jpg,,
스니커즈,패션스니커즈화,버나디 스니커즈 FLOTDA3U12,OTZ,"1,643",,https://image.msscdn.net/images/goods_img/20231103/3682807/3682807_16989928129418_500.jpg,,
,,,,,,,https://image.msscdn.net/images/codimap/detail/29676/detail_29676_659b5b313114a_500.jpg?202401121101,"['#겨울', '#아메카지', '#굿라이프웍스', '#나일론/코치 재킷', '#낫포너드', '#니트/스웨터', '#마뗑킴', '#메신저/크로스 백', '#베스트', '#오찌', '#커버낫', '#코튼 팬츠', '#크로스백', '#패션스니커즈화', '#해비즘', '#코디맵', '#컬러블록', '#벌룬핏', '#레이어드룩', '#오버핏', '#로고플레이']"
아우터,겨울 기타 코트,우먼 쉐르파 더플 코트 브라운,COVERNAT,520,"279,000원",https://image.msscdn.net/images/goods_img/20230919/3571422/3571422_16956952137588_500.jpg,,
상의,니트/스웨터,KN4240 Flower hairy wool knit_Cream,VANONE ATELIER,"3,478",,https://image.msscdn.net/images/goods_img/20231030/3670010/3670010_16993375914921_500.jpg,,
스커트,롱스커트,[NF] 히스 데님 롱스커트 (BLUE)_F23QD837,NASTY FANCY CLUB,"2,555","79,000원",https://image.msscdn.net/images/goods_img/20230131/3049791/3049791_16854218669209_500.jpg,,
여성 가방,토트백,Clover Bag Green,4OUR B,"2,912","98,000원",https://image.msscdn.net/images/goods_img/20220318/2430219/2430219_3_500.jpg,,
신발,슬리퍼,[SET] Nube fur socks & Nube mule (Brown),FLCT,301,,https://image.msscdn.net/images/goods_img/20230912/3551254/3551254_17044232080137_500.jpg,,
,,,,,,,https://image.msscdn.net/images/codimap/detail/29630/detail_29630_6594e112dbb3e_500.jpg?202401121101,"['#겨울', '#아메카지', '#겨울 기타 코트', '#네스티팬시클럽', '#니트/스웨터', '#롱스커트', '#반원 아틀리에', '#사비', '#슬리퍼', '#커버낫', '#토트백', '#플러피시트러스', '#코디맵', '#절개', '#맥시', '#퍼', '#워싱', '#원마일웨어', '#플라워', '#오버핏']"
아우터,롱패딩/롱헤비 아우터,[Woman]덕다운 시어링 칼라 롱 패딩 자켓_Khaki,LAFUDGE FOR WOMAN,"1,972","209,000원",https://image.msscdn.net/images/goods_img/20231017/3631953/3631953_16983723149023_500.jpg,,
아우터,카디건,woodbutton cable cardigan - charcoal,SOMEWHEREBUTTER,869,,https://image.msscdn.net/images/goods_img/20231114/3710213/3710213_17002005875667_500.jpg,,
바지,데님 팬츠,SAND DROUGHT WIDE DENIM PANTS BEIGE,MAISON MINED,"3,563","119,000원",https://image.msscdn.net/images/goods_img/20230214/3082554/3082554_16798804160896_500.jpg,,
여성 가방,크로스백,lottie big bag - caramel,SOMEWHEREBUTTER,698,,https://image.msscdn.net/images/goods_img/20231103/3684245/3684245_16993389487033_500.jpg,,
스니커즈,캔버스/단화,스타 플레이어76 빈티지 화이트 A07195C,CONVERSE,46,,https://image.msscdn.net/images/goods_img/20231206/3746229/3746229_17024465087776_500.png,,
,,,,,,,https://image.msscdn.net/images/codimap/detail/29621/detail_29621_6594e0f610984_500.jpg?202401121101,"['#겨울', '#아메카지', '#데님 팬츠', '#라퍼지 포 우먼', '#롱패딩/롱헤비 아우터', '#메신저/크로스 백', '#메종미네드', '#썸웨어버터', '#카디건', '#캔버스/단화', '#컨버스', '#크로스백', '#코디맵', '#워싱', '#컬러블록', '#와이드핏', '#오버핏', '#빈티지']"
아우터,블루종/MA-1,헤리티지 해링턴 자켓 브릭,SUARE,763,"119,000원",https://image.msscdn.net/images/goods_img/20230824/3495065/3495065_16940515566023_500.jpg,,
상의,셔츠/블라우스,오버사이즈핏 코튼 트윌 셔츠 - 베이지,POLO RALPH LAUREN,384,,https://image.msscdn.net/images/goods_img/20230719/3414582/3414582_16913734168825_500.jpg,,
스커트,롱스커트,언발포켓골덴스커트(PBBF-WSKW135),PIGMENT,"1,367","57,000원",https://image.msscdn.net/images/goods_img/20221103/2920311/2920311_3_500.jpg,,
모자,캡/야구 모자,헤드웨어 9303 사틴 립스탑 네이비 캠프캡,MAGOODGAN,240,"38,000원",https://image.msscdn.net/images/goods_img/20230712/3405400/3405400_16891396463109_500.jpg,,
가방,파우치 백,GOOD THINGS TAKE TIME-DENIM(아이패드 파우치),EARPEARP,669,"35,000원",https://image.msscdn.net/images/goods_img/20230503/3274334/3274334_16830927585888_500.jpg,,
양말/레그웨어,양말,캐시미어 니삭스,GOBI,6,"239,000원",https://image.msscdn.net/images/goods_img/20231206/3746001/3746001_17018354299265_500.jpg,,
스니커즈,패션스니커즈화,가젤 85 - 브라운:아이보리 / IG5005,ADIDAS,"5,259",,https://image.msscdn.net/images/goods_img/20231013/3625738/3625738_16971857521401_500.jpg,,
,,,,,,,https://image.msscdn.net/images/codimap/detail/29582/detail_29582_6594db57e871d_500.jpg?202401121101,"['#겨울', '#아메카지', '#고비', '#롱스커트', '#맥우드건', '#블루종/MA-1', '#셔츠/블라우스', '#수아레', '#아디다스', '#양말', '#어프어프', '#캡/야구 모자', '#파우치 백', '#패션스니커즈화', '#폴로 랄프 로렌', '#피그먼트', '#코디맵', '#심볼', '#레터링', '#미니멀']"
아우터,무스탕/퍼,Mustang Duffel Coat (Brown),SIENNE,254,"345,000원",https://image.msscdn.net/images/goods_img/20231124/3733192/3733192_17010655186657_500.jpg,,
바지,데님 팬츠,LW173 커버 와이드 핏 데님 팬츠 - 진청,LOEIL,"2,118","70,000원",https://image.msscdn.net/images/goods_img/20220421/2508295/2508295_1_500.jpg,,
모자,캡/야구 모자,WASHED DENIM BALL CAP-BLUE/BROWN,EMIS,"1,236",,https://image.msscdn.net/images/goods_img/20231211/3752051/3752051_17022851221843_500.jpg,,
가방,에코백,NICOLE CANVAS ECOBAG_OATMEAL,NICK&NICOLE,826,"24,000원",https://image.msscdn.net/images/goods_img/20230522/3315123/3315123_17012247502289_500.jpg,,
신발,부츠,CLOUDY FLATFORM FUR SLINGBACK - 5color,ROCKFISH WEATHERWEAR,"24,560","94,000원",https://image.msscdn.net/images/goods_img/20230906/3536576/3536576_16971784805960_500.jpg,,
,,,,,,,https://image.msscdn.net/images/codimap/detail/29570/detail_29570_6594db316ab2d_500.jpg?202401121101,"['#겨울', '#아메카지', '#닉앤니콜', '#데님 팬츠', '#락피쉬웨더웨어', '#로에일', '#무스탕/퍼', '#부츠', '#시엔느', '#에코백', '#이미스', '#캡/야구 모자', '#코디맵', '#방한', '#워싱', '#컬러블록', '#로고플레이']"
아우터,플리스/뽀글이,코다컬러 리버시블 마이크로플리스 자켓 IVORY,KODAK,284,,https://image.msscdn.net/images/goods_img/20230816/3467766/3467766_16929233717027_500.jpg,,
상의,니트/스웨터,Kevin Jacquard Knit (Red),SIENNE,215,"128,000원",https://image.msscdn.net/images/goods_img/20231207/3748459/3748459_17020213974616_500.jpg,,
스커트,롱스커트,데이지코듀로이롱스커트_2COLORS_NAVY,HAINT,529,"74,000원",https://image.msscdn.net/images/goods_img/20231031/3671145/3671145_16987276067176_500.jpg,,
액세서리,장갑,보아플리스 장갑 우먼 BROWN,KODAK,344,"99,000원",https://image.msscdn.net/images/goods_img/20221110/2933022/2933022_1_500.jpg,,
양말/레그웨어,양말,1290 남녀공용 골지 양말 5켤레 (30색상),SUPERBASIC,"20,152",,https://image.msscdn.net/images/goods_img/20180410/752821/752821_1_500.jpg,,
신발,부츠,2976 첼시 클래식 풀업 / 31036001,DR.MARTENS,337,,https://image.msscdn.net/images/goods_img/20230816/3467904/3467904_16926688233101_500.jpg,,
,,,,,,,https://image.msscdn.net/images/codimap/detail/29560/detail_29560_6594db131c9c2_500.jpg?202401121101,"['#겨울', '#아메카지', '#니트/스웨터', '#닥터마틴', '#롱스커트', '#부츠', '#슈퍼베이직', '#시엔느', '#양말', '#장갑', '#코닥', '#플리스/뽀글이', '#헤인트', '#코디맵', '#방한', '#리버서블', '#코듀로이', '#컬러블록', '#로고플레이']"
아우터,무스탕/퍼,더플 하이넥 퍼 점퍼_IVORY,CITY BREEZE,"2,476","259,000원",https://image.msscdn.net/images/goods_img/20231017/3634339/3634339_17026084990749_500.jpg,,
상의,니트/스웨터,로프 스웨터-브라운,BITTERCELLS,590,"79,000원",https://image.msscdn.net/images/goods_img/20230721/3419897/3419897_16920090284916_500.jpg,,
바지,데님 팬츠,우먼즈 플레어 데님팬츠,WRANGLER,83,"119,000원",https://image.msscdn.net/images/goods_img/20230307/3128991/3128991_16781730111980_500.jpg,,
모자,캡/야구 모자,BT 파리스 캡-네이비,BITTERCELLS,"5,738","43,000원",https://image.msscdn.net/images/goods_img/20230130/3046611/3046611_16760218173590_500.jpg,,
여성 가방,숄더백,Bubble Bag · 버블백,STAND OIL,"1,581",,https://image.msscdn.net/images/goods_img/20231116/3718082/3718082_17028591913711_500.jpg,,
신발,슬리퍼,[for women] 타즐리타_HARDWOOD/1146390HWD,UGG,798,,https://image.msscdn.net/images/goods_img/20230816/3468944/3468944_16944853138894_500.jpg,,
,,,,,,,https://image.msscdn.net/images/codimap/detail/29522/detail_29522_6594d3af1a740_500.jpg?202401121101,"['#겨울', '#아메카지', '#니트/스웨터', '#데님 팬츠', '#랭글러', '#무스탕/퍼', '#비터셀즈', '#숄더백', '#스탠드오일', '#슬리퍼', '#시티브리즈', '#어그', '#캡/야구 모자', '#코디맵', '#퍼', '#컬러블록', '#로고플레이']"
아우터,후드 집업,투 웨이 사이드 후드 집업 [멜란지 그레이],MILLO WOMEN,"2,934","88,000원",https://image.msscdn.net/images/goods_img/20230907/3543000/3543000_16988054461701_500.jpg,,
상의,긴소매 티셔츠,오리지널 라글란 롱 슬리브_차콜,1993STUDIO,"11,506","49,000원",https://image.msscdn.net/images/goods_img/20220118/2313311/2313311_16765960268340_500.jpg,,
스커트,미디스커트,레그 워머 미디 스커트 / 블랙,OJOS,"1,604",,https://image.msscdn.net/images/goods_img/20221115/2942764/2942764_1_500.jpg,,
액세서리,머플러,[숏플러] 그레이 멜란지 캐시미어 머플러,JILLSTUART MEN ACC,276,"118,000원",https://image.msscdn.net/images/goods_img/20221108/2927058/2927058_1_500.jpg,,
,,,,,,,https://image.msscdn.net/images/codimap/detail/29479/detail_29479_658ebe9e7cc6e_500.jpg?202401121101,"['#겨울', '#1993스튜디오', '#긴소매 티셔츠', '#등산/트레킹화', '#미디스커트', '#밀로 우먼', '#스포츠 스니커즈', '#오호스', '#질스튜어트 맨 액세서리', '#킨', '#후드 집업', '#코디맵', '#방한', '#래글런', '#컬러블록', '#레터링', '#아메카지']"
아우터,숏패딩/숏헤비 아우터,에센셜 넥리스 경량 덕다운 자켓 우먼 IVORY,KODAK,324,"189,000원",https://image.msscdn.net/images/goods_img/20230927/3598667/3598667_16957914339605_500.jpg,,
아우터,패딩 베스트,브라우니 크롭 덕다운 베스트 우먼 YELLOW,KODAK,693,"219,000원",https://image.msscdn.net/images/goods_img/20220930/2833815/2833815_1_500.jpg,,
상의,맨투맨/스웨트셔츠,[ASIA] 여성 Reverse Weave® 115 (블루택) 기모 스웨트셔츠 (CREAM) CKTS3F365CR,CHAMPION,240,"149,000원",https://image.msscdn.net/images/goods_img/20230821/3480787/3480787_16963977485868_500.jpg,,
스커트,롱스커트,하트 카고 스커트(워시드)-라이트 퍼플,BITTERCELLS,445,"88,000원",https://image.msscdn.net/images/goods_img/20230721/3420132/3420132_16929588717484_500.jpg,,
모자,기타 모자,포인트 니트 바라클라바 - 라이트그린,ROUNDTRICOT,"5,627","29,900원",https://image.msscdn.net/images/goods_img/20221102/2914858/2914858_2_500.jpg,,
가방,백팩,엔보이 DESERT BEIGE,JANSPORT,"8,827",,https://image.msscdn.net/images/goods_img/20210112/1744100/1744100_16964034620298_500.jpg,,
신발,부츠,스웨이드 포인트 버튼 부츠,GAP,"2,931",,https://image.msscdn.net/images/goods_img/20231114/3707756/3707756_17007236584534_500.jpg,,
,,,,,,,https://image.msscdn.net/images/codimap/detail/29425/detail_29425_658d5be5345f8_500.jpg?202401121101,"['#겨울', '#갭', '#기타 모자', '#라운드트리코', '#롱스커트', '#맨투맨/스웨트셔츠', '#백팩', '#부츠', '#비터셀즈', '#숏패딩/숏헤비 아우터', '#잔스포츠', '#챔피온', '#코닥', '#패딩 베스트', '#코디맵', '#방한', '#경량패딩', '#노카라', '#크롭', '#카고', '#컬러블록', '#한파', '#심볼', '#캠핑', '#레이어드룩', '#로고플레이', '#아메카지']"
아우터,무스탕/퍼,브론즈 시어링 점퍼_BEIGE,GROVE,415,,https://image.msscdn.net/images/goods_img/20231109/3698751/3698751_17001926750321_500.jpg,,
아우터,후드 집업,CGP 아치 로고 후드 집업_오트밀,CODEGRAPHY,"13,693","79,000원",https://image.msscdn.net/images/goods_img/20220725/2681413/2681413_16775570181913_500.jpg,,
상의,긴소매 티셔츠,엔젤 화이트 와펜 롱 슬리브 화이트,WHATITISNT,599,"45,000원",https://image.msscdn.net/images/goods_img/20230203/3057653/3057653_16759216868192_500.jpg,,
스포츠/용품,스커트,NK6NP80B 여성 캠퍼 브이모션 스커트,THE NORTH FACE,229,"159,000원",https://image.msscdn.net/images/goods_img/20230825/3497523/3497523_16929408380102_500.jpg,,
여성 가방,숄더백,CROSS HERETIC PADDING BAG / cream,HERETIC,"1,260",,https://image.msscdn.net/images/goods_img/20231006/3609937/3609937_16965769766874_500.jpg,,
신발,부츠,오버로크 스티치 숏 부츠 (클래식 숏 II) W - 번트 시더 / 1016223BCDR,UGG,"1,755",,https://image.msscdn.net/images/goods_img/20220823/2733847/2733847_1_500.jpg,,
,,,,,,,https://image.msscdn.net/images/codimap/detail/29293/detail_29293_658a211915b64_500.jpg?202401121101,"['#겨울', '#아메카지', '#그로브', '#긴소매 티셔츠', '#노스페이스', '#무스탕/퍼', '#미디스커트', '#부츠', '#숄더백', '#어그', '#와릿이즌', '#코드그라피', '#헤레틱', '#후드 집업', '#로고플레이', '#심볼', '#퀼팅', '#방한', '#코디맵']"
아우터,무스탕/퍼,Overfit Steady Mustang in Brown/Beige,DOFFSEPT,"18,297","199,000원",https://image.msscdn.net/images/goods_img/20220922/2813149/2813149_2_500.jpg,,
상의,니트/스웨터,워셔블 투 톤 크루넥 그래픽 니트 (KHAKI),TRILLION,"14,368","52,000원",https://image.msscdn.net/images/goods_img/20230907/3539169/3539169_16944138456448_500.jpg,,
바지,코튼 팬츠,팬츠 Olive,GRAMICCI,"3,204","119,000원",https://image.msscdn.net/images/goods_img/20180309/732698/732698_16807553592919_500.jpg,,
액세서리,머플러,FLUFFY KNIT MUFFLER & SHORT GLOVES SET,ROCKFISH WEATHERWEAR,"6,065","57,000원",https://image.msscdn.net/images/goods_img/20231011/3618360/3618360_16975896766147_500.jpg,,
스포츠/용품,스포츠가방,나일론 더플백 (HPABGDA51Q RE) HPABGD4904,SHOOPEN,"1,409","35,900원",https://image.msscdn.net/images/goods_img/20230706/3397107/3397107_16886127076945_500.jpg,,
신발,부츠,플랫폼 첼시 앵클부츠 3.0 HPWXAC416M,SHOOPEN,410,"49,900원",https://image.msscdn.net/images/goods_img/20230316/3153506/3153506_16789431049571_500.jpg,,
,,,,,,,https://image.msscdn.net/images/codimap/detail/29271/detail_29271_658770d2d449f_500.jpg?202401121101,"['#겨울', '#아메카지', '#그라미치', '#니트/스웨터', '#도프셉', '#락피쉬웨더웨어', '#머플러', '#무스탕/퍼', '#보스턴/드럼/더플백', '#부츠', '#슈펜', '#코튼 팬츠', '#트릴리온', '#로고플레이', '#오버핏', '#뉴트럴톤', '#방한', '#코디맵']"
아우터,무스탕/퍼,오버핏 레더 양털 우먼 무톤 무스탕 자켓 [딥브라운],PLACE STUDIO,"8,616","185,000원",https://image.msscdn.net/images/goods_img/20211109/2222951/2222951_7_500.jpg,,
상의,후드 티셔츠,PHYPS® WOMENS CROP MONDAY ROUTINE HOODIE OATMEAL,PHYSICAL EDUCATION DEPARTMENT,"1,434","69,000원",https://image.msscdn.net/images/goods_img/20230818/3477611/3477611_16929325206370_500.jpg,,
바지,데님 팬츠,(기모옵션추가) 이지 와이드 데님 팬츠 빈티지 워시드 블루,GLW,"18,431","52,800원",https://image.msscdn.net/images/goods_img/20230801/3440017/3440017_17022591296982_500.jpg,,
액세서리,머플러,PREMIUM PURE WOOL 100 MUFFLER [ SNOW ] - 프리미엄 울 100 머플러,RENNYRENNIE,"2,171","105,000원",https://image.msscdn.net/images/goods_img/20231102/3677578/3677578_16988716798847_500.jpg,,
여성 가방,크로스백,[브레드]미디움 숄더백 - 3color,JILL BY JILLSTUART,"2,804",,https://image.msscdn.net/images/goods_img/20231013/3626221/3626221_16971798506531_500.jpg,,
신발,부츠,젠리 천연가죽 털안감 양털 부츠 (3cm),SAPPUN,"4,071","49,900원",https://image.msscdn.net/images/goods_img/20221121/2951484/2951484_17018499521774_500.jpg,,
,,,,,,,https://image.msscdn.net/images/codimap/detail/29256/detail_29256_6587715799a38_500.jpg?202401121101,"['#겨울', '#아메카지', '#굿라이프웍스', '#데님 팬츠', '#래니래니', '#머플러', '#메신저/크로스 백', '#무스탕/퍼', '#부츠', '#사뿐', '#장갑', '#질바이질스튜어트', '#크로스백', '#플레이스 스튜디오', '#피지컬 에듀케이션 디파트먼트', '#후드 티셔츠', '#빈티지', '#레터링', '#오버핏', '#한파', '#와이드핏', '#레더', '#워싱', '#크롭', '#자수', '#방한', '#코디맵']"
아우터,숏패딩/숏헤비 아우터,바라클라바 더플 숏패딩S(JP-515),ATELIER NAIN,399,,https://image.msscdn.net/images/goods_img/20230601/3337642/3337642_16855792194802_500.jpg,,
상의,후드 티셔츠,(기모) Slim soft warmer hood T-shirt - OAT MEAL,WOOALONG,"1,181",,https://image.msscdn.net/images/goods_img/20230901/3521817/3521817_16939857874752_500.jpg,,
바지,기타 바지,Adele Strap Cargo Pants - 4COL,AVANDRESS,"1,563","62,000원",https://image.msscdn.net/images/goods_img/20231023/3651007/3651007_16982031256780_500.jpg,,
여성 가방,토트백,[오디너리 X 헬로키티] 퍼 가방 [WHITE],ORDINARY HOLIDAY,842,,https://image.msscdn.net/images/goods_img/20230905/3532681/3532681_16944271618478_500.jpg,,
신발,샌들,투웨이 스웨이드 양털 플랫폼 샌들 HPCV8D109Q,SHOOPEN,"1,477","39,900원",https://image.msscdn.net/images/goods_img/20221215/2983877/2983877_17000314387674_500.jpg,,
,,,,,,,https://image.msscdn.net/images/codimap/detail/29213/detail_29213_6584f99114db1_500.jpg?202401121101,"['#겨울', '#아메카지', '#기타 바지', '#샌들', '#숏패딩/숏헤비 아우터', '#슈펜', '#아틀리에 나인', '#어반드레스', '#오디너리홀리데이', '#우알롱', '#토트백', '#후드 티셔츠', '#레터링', '#심볼', '#캐릭터', '#카고', '#핀턱', '#퍼', '#방한', '#코디맵']"
아우터,숏패딩/숏헤비 아우터,RDS 씨빅 숏 푸퍼 레드,COVERNAT,207,"199,000원",https://image.msscdn.net/images/goods_img/20230913/3555035/3555035_16947539755545_500.png,,
상의,니트/스웨터,우먼 클로버하트 하프 집업 니트 아이보리,COVERNAT,"1,468","99,000원",https://image.msscdn.net/images/goods_img/20230316/3152747/3152747_16789357494534_500.jpg,,
바지,점프 슈트/오버올,Corduroy letter patch overall - brown,SOMEWHEREBUTTER,229,,https://image.msscdn.net/images/goods_img/20231114/3709947/3709947_17001999574598_500.jpg,,
모자,트루퍼,KNIT TROOPER HAT - IVORY 니트 트루퍼햇,GOCORI,"3,449","52,000원",https://image.msscdn.net/images/goods_img/20231024/3654306/3654306_16981502843504_500.jpg,,
여성 가방,숄더백,플럼 미니 (Pearl White),ALKI ALKA,55,,https://image.msscdn.net/images/goods_img/20231127/3734115/3734115_17010659695435_500.jpg,,
신발,부츠,SUPER SHORTY 양털부츠 K3049220PD-W,BEARPAW,148,"109,000원",https://image.msscdn.net/images/goods_img/20231128/3736269/3736269_17011603771442_500.jpg,,
,,,,,,,https://image.msscdn.net/images/codimap/detail/29064/detail_29064_1_500.jpg?202401121101,"['#겨울', '#아메카지', '#고코리', '#니트/스웨터', '#베어파우', '#부츠', '#숄더백', '#숏패딩/숏헤비 아우터', '#썸웨어버터', '#알키알카', '#점프 슈트/오버올', '#커버낫', '#트루퍼', '#코디맵', '#방한', '#코듀로이', '#뉴트럴톤', '#로고플레이']"
아우터,숏패딩/숏헤비 아우터,86-IRO297 패디드 하이넥 오버 숏패딩 아이보리,IRONYPORNO WHITELINE,"3,080","188,000원",https://image.msscdn.net/images/goods_img/20230725/3426350/3426350_16989865035463_500.jpg,,
아우터,카디건,Candy Ball Alpaca Nordic Cardigan (Cream),GREENBUTTER,503,,https://image.msscdn.net/images/goods_img/20231004/3602171/3602171_16963997478476_500.jpg,,
바지,기타 바지,골덴 밴딩 팬츠 와이드 코듀로이 바지 브라운,CHICKS,92,"37,700원",https://image.msscdn.net/images/goods_img/20231112/3704919/3704919_17031334733410_500.jpg,,
모자,기타 모자,Snowflake Alpaca Balaclava (Cream),GREENBUTTER,605,,https://image.msscdn.net/images/goods_img/20230927/3599157/3599157_16963991327332_500.jpg,,
여성 가방,백팩,리사이클 나일론 백팩-베이지,NOT OURS,"1,007",,https://image.msscdn.net/images/goods_img/20220926/2818183/2818183_1_500.jpg,,
스니커즈,패션스니커즈화,슈퍼스타 82 - 그린:오프화이트 / ID6107,ADIDAS,"7,132","149,000원",https://image.msscdn.net/images/goods_img/20231005/3606176/3606176_16965597038728_500.jpg,,
,,,,,,,https://image.msscdn.net/images/codimap/detail/29052/detail_29052_1_500.jpg?202401121101,"['#겨울', '#아메카지', '#그린버터', '#기타 모자', '#기타 바지', '#낫아워스', '#백팩', '#숏패딩/숏헤비 아우터', '#아디다스', '#아이러니포르노 화이트라인', '#칙스', '#카디건', '#패션스니커즈화', '#코디맵', '#스트링', '#코듀로이', '#와이드핏', '#편안한']"
아우터,겨울 기타 코트,체리 플리스 더플 코트 [크림],KIRSH,844,"289,000원",https://image.msscdn.net/images/goods_img/20221006/2845698/2845698_1_500.jpg,,
상의,맨투맨/스웨트셔츠,베츠 어센틱 맨투맨 블랙,EBBETSFIELD,"31,369","69,000원",https://image.msscdn.net/images/goods_img/20200820/1557509/1557509_17036407355327_500.jpg,,
스커트,미디스커트,여성 코듀로이 롱스커트 브라운,LEE,"1,317","79,000원",https://image.msscdn.net/images/goods_img/20220915/2792940/2792940_2_500.jpg,,
모자,버킷/사파리햇,Plaid Long Bill Bucket Hat Navy,THISISNEVERTHAT,156,"49,000원",https://image.msscdn.net/images/goods_img/20220923/2814731/2814731_1_500.jpg,,
선글라스/안경테,안경,서울컬렉션 소월 투명,HANGLE EYEWEAR,"2,158","98,000원",https://image.msscdn.net/images/goods_img/20210122/1759238/1759238_3_500.jpg,,
신발,로퍼,큘런,DR.MARTENS,"1,231","200,000원",https://image.msscdn.net/images/goods_img/20220926/2818510/2818510_1_500.jpg,,
,,,,,,,https://image.msscdn.net/images/codimap/detail/28978/detail_28978_1_500.jpg?202401121101,"['#겨울', '#아메카지', '#코디맵', '#체크', '#스티치', '#얼죽코', '#로고플레이', '#캐릭터', '#레터링', '#코듀로이', '#아울렛', '#겨울 기타 코트', '#구두', '#닥터마틴', '#디스이즈네버댓', '#로퍼', '#리', '#맨투맨/스웨트셔츠', '#미디스커트', '#버킷/사파리햇', '#안경', '#양말', '#이벳필드', '#코일리', '#키르시', '#한글안경']"
아우터,숏패딩/숏헤비 아우터,덕다운 배색 푸퍼 [BROWN] / SBC4U07005,GENERALIDEA,"2,849","245,000원",https://image.msscdn.net/images/goods_img/20231017/3634842/3634842_16988327682399_500.jpg,,
아우터,카디건,이모지 자가드 U넥 가디건 (레드),SINKINGDEEPER,"4,158","78,000원",https://image.msscdn.net/images/goods_img/20230906/3535128/3535128_16946562364492_500.jpg,,
바지,코튼 팬츠,와이드 워크 팬츠 (플라워),SINKINGDEEPER,419,"98,000원",https://image.msscdn.net/images/goods_img/20230906/3534513/3534513_16946686739772_500.jpg,,
여성 가방,토트백,크랙 스웨이드 호보백 [3 COLOR],ORDINARY HOLIDAY,"2,817",,https://image.msscdn.net/images/goods_img/20230831/3519588/3519588_16944272088267_500.jpg,,
스니커즈,캔버스/단화,퍼 카라 스웨이드 슬립온 슈즈(타제트)) W - 1134810SAND,UGG,"3,823",,https://image.msscdn.net/images/goods_img/20231019/3642647/3642647_16995151495062_500.jpg,,
,,,,,,,https://image.msscdn.net/images/codimap/detail/28974/detail_28974_1_500.jpg?202401121101,"['#겨울', '#아메카지', '#숏패딩/숏헤비 아우터', '#싱킹디퍼', '#어그', '#오디너리홀리데이', '#제너럴아이디어', '#카디건', '#캔버스/단화', '#코튼 팬츠', '#토트백', '#코디맵', '#방한', '#플라워', '#컬러포인트']"
아우터,기타 아우터,Reversible suade mustang_Beige,TILL I DIE,"1,215","328,000원",https://image.msscdn.net/images/goods_img/20221103/2919238/2919238_16993363794013_500.jpg,,
상의,니트/스웨터,Alpaca candy cardigan_Red,TILL I DIE,"3,210","139,000원",https://image.msscdn.net/images/goods_img/20221019/2876171/2876171_16993287163971_500.jpg,,
바지,코튼 팬츠,UP-366 기모 와이드팬츠 화이트,UNKNOWN PLANET,"2,311","76,000원",https://image.msscdn.net/images/goods_img/20221114/2939864/2939864_1_500.jpg,,
모자,기타 모자,소프트 플리스 바라클라바 - 크림,LOEIL,867,"56,500원",https://image.msscdn.net/images/goods_img/20231101/3676862/3676862_16988271969983_500.jpg,,
여성 가방,숄더백,CLEMENT BAG,KHIHO,"1,007","118,000원",https://image.msscdn.net/images/goods_img/20220829/2748903/2748903_2_500.jpg,,
스니커즈,패션스니커즈화,가젤 인도어 W - 레드:화이트 / HQ8718,ADIDAS,"4,269",,https://image.msscdn.net/images/goods_img/20230105/3008043/3008043_16733920262185_500.jpg,,
,,,,,,,https://image.msscdn.net/images/codimap/detail/28966/detail_28966_1_500.jpg?202401121101,"['#겨울', '#기타 모자', '#기타 아우터', '#기호', '#니트/스웨터', '#로에일', '#숄더백', '#아디다스', '#언노운 플라넷', '#코튼 팬츠', '#틸 아이 다이', '#패션스니커즈화', '#코디맵', '#방한', '#스웨이드', '#리버서블', '#컬러포인트', '#아메카지']"
상의,니트/스웨터,드로잉 플라워 니트 아이보리,FALLETT,"4,739","99,000원",https://image.msscdn.net/images/goods_img/20220818/2725492/2725492_16988075652278_500.jpg,,
바지,트레이닝/조거 팬츠,(우먼) WAVE 로고 피그먼트 리버스 배색 트레이닝 팬츠_카키,CODEGRAPHY,"1,482","69,000원",https://image.msscdn.net/images/goods_img/20230919/3575317/3575317_16957117292505_500.jpg,,
모자,버킷/사파리햇,FAUX FUR BUCKET HAT brown,GIRLSKATEBOARDS,132,"79,000원",https://image.msscdn.net/images/goods_img/20230920/3578678/3578678_16952748570627_500.jpg,,
여성 가방,크로스백,Corduroy Mini Bag Mustard,KIJUN,14,,https://image.msscdn.net/images/goods_img/20231205/3745102/3745102_17017621597639_500.jpg,,
스니커즈,기타 스니커즈,NBP7DF010F / M2002REI (BROWN),NEW BALANCE,427,,https://image.msscdn.net/images/goods_img/20231201/3741115/3741115_17014075707287_500.jpg,,
,,,,,,,https://image.msscdn.net/images/codimap/detail/28961/detail_28961_1_500.jpg?202401121101,"['#겨울', '#아메카지', '#걸스케이트보드', '#기준', '#기타 스니커즈', '#뉴발란스', '#니트/스웨터', '#메신저/크로스 백', '#버킷/사파리햇', '#숏패딩/숏헤비 아우터', '#코드그라피', '#크로스백', '#트레이닝/조거 팬츠', '#팔렛', '#코디맵', '#절개', '#자수', '#리버서블', '#퍼', '#코듀로이', '#뉴트럴톤', '#심볼', '#플라워', '#로고플레이', '#편안한']"
아우터,숏패딩/숏헤비 아우터,Flower Printed Cropped Puffer VC239ODW005M,VOCAVACA,540,"329,000원",https://image.msscdn.net/images/goods_img/20230926/3596271/3596271_16970982190764_500.jpg,,
상의,니트/스웨터,릴리 부클 니트 스웨터_브라운,PARTIMENTO WOMEN,"3,716","89,900원",https://image.msscdn.net/images/goods_img/20231023/3650002/3650002_16983852897747_500.jpg,,
바지,코튼 팬츠,corduroy pants (beige),MIDNIGHT MOVE,192,"92,000원",https://image.msscdn.net/images/goods_img/20231116/3718710/3718710_17001403537427_500.jpg,,
액세서리,머플러,premium mild muffler (M029_dark beige),HALDEN,90,"98,000원",https://image.msscdn.net/images/goods_img/20231201/3741160/3741160_17014102668963_500.jpg,,
여성 가방,크로스백,버블 복조리백_3Color,LIMELIKE,43,,https://image.msscdn.net/images/goods_img/20231109/3701685/3701685_16995187706725_500.jpg,,
신발,부츠,AGATA DOUBLE FACE 웨지양털슬리퍼 K2753002PD-W,BEARPAW,57,"99,000원",https://image.msscdn.net/images/goods_img/20231121/3727209/3727209_17005560464703_500.jpg,,
,,,,,,,https://image.msscdn.net/images/codimap/detail/28956/detail_28956_1_500.jpg?202401121101,"['#겨울', '#아메카지', '#니트/스웨터', '#라임라이크', '#머플러', '#메신저/크로스 백', '#미드나잇 무브', '#베어파우', '#보카바카', '#부츠', '#숏패딩/숏헤비 아우터', '#코튼 팬츠', '#크로스백', '#파르티멘토 우먼', '#할렌', '#코디맵', '#플리스', '#크롭', '#코듀로이', '#부츠컷', '#플라워', '#방한']"
아우터,숏패딩/숏헤비 아우터,23FW 니트집업 구스 푸퍼다운,THEATG,"1,296","169,000원",https://image.msscdn.net/images/goods_img/20231019/3640968/3640968_16976908539094_500.jpg,,
상의,맨투맨/스웨트셔츠,HS Arch Logo Long Sleeve (W) (Mustard),HELLO SUNRISE,275,,https://image.msscdn.net/images/goods_img/20230222/3099104/3099104_16775603644863_500.jpg,,
바지,점프 슈트/오버올,[NF] 유쓰 데님 오버롤 (LIGHT BLUE)_F23QD844,NASTY FANCY CLUB,"10,760","98,000원",https://image.msscdn.net/images/goods_img/20230126/3040868/3040868_16799851216613_500.jpg,,
여성 가방,크로스백,HS 2way Bag_Lemon Check,HELLO SUNRISE,25,,https://image.msscdn.net/images/goods_img/20231026/3662529/3662529_16983114894310_500.jpg,,
신발,부츠,FURRY BEAR BOOTS_CAMEL,PINK PINEAPPLE,75,,https://image.msscdn.net/images/goods_img/20231120/3723058/3723058_17004497454180_500.jpg,,
,,,,,,,https://image.msscdn.net/images/codimap/detail/28909/detail_28909_1_500.jpg?202401121101,"['#겨울', '#아메카지', '#네스티팬시클럽', '#더엣지', '#맨투맨/스웨트셔츠', '#메신저/크로스 백', '#부츠', '#숏패딩/숏헤비 아우터', '#점프 슈트/오버올', '#크로스백', '#핑크파인애플', '#헬로 선라이즈', '#코디맵', '#워싱', '#체크', '#로고플레이', '#방한']"
아우터,무스탕/퍼,Duffel crop fur jacket - cream beige,SOMEWHEREBUTTER,503,,https://image.msscdn.net/images/goods_img/20231113/3706166/3706166_17024304681003_500.jpg,,
상의,니트/스웨터,Jellybean Sweater(RED),MAINBOOTH,"4,012","75,000원",https://image.msscdn.net/images/goods_img/20180904/847753/847753_2_500.jpg,,
스커트,미디스커트,밴딩 니트 미디 슬릿 롱 스커트 [브라운],PLACE STUDIO,129,"69,000원",https://image.msscdn.net/images/goods_img/20231107/3691629/3691629_17013041014794_500.jpg,,
액세서리,머플러,[패키지] 울 베이직 숏 머플러 [4컬러],MODERMENT,145,"92,000원",https://image.msscdn.net/images/goods_img/20231128/3735239/3735239_17011400564690_500.jpg,,
여성 가방,숄더백,크로플 숄더백 아이보리,JEDREFEB5,"3,402",,https://image.msscdn.net/images/goods_img/20221018/2873558/2873558_1_500.jpg,,
신발,부츠,ALYSSA 양털부츠 K316002PD-W,BEARPAW,"2,106","109,000원",https://image.msscdn.net/images/goods_img/20231013/3625855/3625855_16971758408178_500.jpg,,
,,,,,,,https://image.msscdn.net/images/codimap/detail/28855/detail_28855_1_500.jpg?202401121101,"['#겨울', '#아메카지', '#니트/스웨터', '#머플러', '#메인부스', '#모더먼트', '#무스탕/퍼', '#미디스커트', '#반소매 티셔츠', '#베어파우', '#부츠', '#숄더백', '#썸웨어버터', '#제드레페브5', '#플레이스 스튜디오', '#코디맵', '#퍼', '#컬러블록', '#스트라이프', '#컬러포인트', '#방한']"
아우터,겨울 기타 코트,울 블렌디드 컷 오프 하프 코트_아이보리,PARTIMENTO WOMEN,488,"229,000원",https://image.msscdn.net/images/goods_img/20231010/3615884/3615884_16975339087179_500.jpg,,
아우터,카디건,코위찬 니트 집업 가디건_아이보리,PARTIMENTO WOMEN,"11,271","104,900원",https://image.msscdn.net/images/goods_img/20230919/3575299/3575299_16957134153379_500.jpg,,
스커트,롱스커트,심플한 H라인 스커트 (2COL),YOURNAMEHERE,65,,https://image.msscdn.net/images/goods_img/20231129/3737640/3737640_17024449020203_500.jpg,,
여성 가방,토트백,Shearing Bear Padding Bag (Brown),SIENNE,973,,https://image.msscdn.net/images/goods_img/20231110/3703028/3703028_16995907407597_500.jpg,,
신발,부츠,Noon Kkebi 3Color 소가죽 양털퍼 방한 어그 부츠 4Cm,MAC MOC,"4,155","110,000원",https://image.msscdn.net/images/goods_img/20230828/3506397/3506397_16956935129480_500.jpg,,
,,,,,,,https://image.msscdn.net/images/codimap/detail/28810/detail_28810_1_500.jpg?202401121101,"['#겨울', '#아메카지', '#겨울 기타 코트', '#롱스커트', '#마크모크', '#부츠', '#시엔느', '#유어네임히얼', '#카디건', '#토트백', '#파르티멘토 우먼', '#코디맵', '#H라인', '#플리스', '#슬릿', '#뉴트럴톤', '#얼죽코', '#방한']"
아우터,숏패딩/숏헤비 아우터,85-VIVA019 [2-way] 하이넥 크롭 숏패딩 브라운,VIVABROWN,"3,481","166,000원",https://image.msscdn.net/images/goods_img/20230919/3574588/3574588_16989867346437_500.jpg,,
상의,니트/스웨터,바시티 로고 니트 베이지,UNKNOWN PLANET,81,"74,000원",https://image.msscdn.net/images/goods_img/20231009/3612971/3612971_16968676035891_500.jpg,,
바지,코튼 팬츠,UP-369 와이드 코듀로이팬츠 베이지,UNKNOWN PLANET,"1,063","76,000원",https://image.msscdn.net/images/goods_img/20221114/2939856/2939856_1_500.jpg,,
액세서리,머플러,울 스트라이프 머플러 베이지,LI MEQUE,52,,https://image.msscdn.net/images/goods_img/20231109/3701019/3701019_16995134589264_500.jpg,,
여성 가방,파우치 백,카라비너 퍼 미니 백 [멀티],KIRSH,304,"59,000원",https://image.msscdn.net/images/goods_img/20230920/3580316/3580316_16952156094196_500.jpg,,
신발,모카신/보트 슈즈,WALLABEE BOOT WOMENS 26166092,CLARKS,48,,https://image.msscdn.net/images/goods_img/20220830/2753797/2753797_1_500.jpg,,
,,,,,,,https://image.msscdn.net/images/codimap/detail/28751/detail_28751_2_500.jpg?202401121101,"['#겨울', '#아메카지', '#구두', '#니트/스웨터', '#리메크', '#머플러', '#모카신/보트 슈즈', '#언노운 플라넷', '#코튼 팬츠', '#클락스', '#키르시', '#파우치 백', '#코디맵', '#코듀로이', '#컬러블록', '#뉴트럴톤', '#스트라이프', '#톤온톤', '#로고플레이', '#방한', '#비바브라운', '#숏패딩/숏헤비 아우터']"
아우터,무스탕/퍼,후디드 더플 퍼 코트_믹스 브라운,PARTIMENTO WOMEN,766,"198,000원",https://image.msscdn.net/images/goods_img/20231010/3615888/3615888_16975338280974_500.jpg,,
아우터,카디건,릴리 자카드 니트 집업 가디건_카키,PARTIMENTO WOMEN,"1,555","119,000원",https://image.msscdn.net/images/goods_img/20231023/3650110/3650110_16983844989946_500.jpg,,
스포츠/용품,스포츠모자,스포츠 라인 볼 캡-베이지,BITTERCELLS,169,"39,000원",https://image.msscdn.net/images/goods_img/20230830/3514675/3514675_16952589068597_500.jpg,,
액세서리,머플러,브레디크 초코롤 머플러_브라운,ULKIN CANVAS,36,"39,000원",https://image.msscdn.net/images/goods_img/20231124/3731379/3731379_17007608060708_500.jpg,,
스니커즈,캔버스/단화,척테일러 올스타 무브 플랫폼 셰르파 A06794C,CONVERSE,993,"65,000원",https://image.msscdn.net/images/goods_img/20230926/3595536/3595536_16957174696412_500.jpg,,
,,,,,,,https://image.msscdn.net/images/codimap/detail/28747/detail_28747_1_500.jpg?202401121101,"['#겨울', '#아메카지', '#데님 팬츠', '#마리떼', '#머플러', '#무스탕/퍼', '#미디스커트', '#볼캡', '#비터셀즈', '#얼킨 캔버스', '#카디건', '#캔버스/단화', '#캡/야구 모자', '#컨버스', '#파르티멘토 우먼', '#코디맵', '#퍼', '#플리스', '#핀턱', '#뉴트럴톤', '#레터링', '#방한']"
아우터,숏패딩/숏헤비 아우터,Signature Duck Down Fupper Padding [CREAM],ROCCI ROCCI,"1,572","289,000원",https://image.msscdn.net/images/goods_img/20221019/2875938/2875938_1_500.jpg,,
상의,맨투맨/스웨트셔츠,CN MIXED SWEAT SHIRT CHARCOAL_FP3KM77U,PENFIELD,59,"139,000원",https://image.msscdn.net/images/goods_img/20230901/3523478/3523478_16945826378546_500.jpg,,
스커트,롱스커트,FADED FATIGUE SKIRT OLIVE_FP3KS32F,PENFIELD,113,"129,000원",https://image.msscdn.net/images/goods_img/20230807/3447720/3447720_16916381038588_500.jpg,,
모자,트루퍼,BONNY TROOPER HAT_3COLORS_LIGHT BEIGE,HAINT,77,"61,000원",https://image.msscdn.net/images/goods_img/20231130/3738593/3738593_17013117213210_500.jpg,,
여성 가방,토트백,튀튀 메이플,MFNT,20,,https://image.msscdn.net/images/goods_img/20231120/3724987/3724987_17004742731350_500.jpg,,
양말/레그웨어,양말,브레디크 우먼즈 초코롤 미들 양말_(2 colors),ULKIN CANVAS,29,"19,000원",https://image.msscdn.net/images/goods_img/20231124/3731386/3731386_17007626126583_500.jpg,,
스니커즈,패션스니커즈화,COURT (BEIGE/WHITE/GUM),EPT,449,,https://image.msscdn.net/images/goods_img/20230913/3558576/3558576_16946022382580_500.jpg,,
,,,,,,,https://image.msscdn.net/images/codimap/detail/28739/detail_28739_1_500.jpg?202401121101,"['#겨울', '#아메카지', '#로씨로씨', '#롱스커트', '#맨투맨/스웨트셔츠', '#숏패딩/숏헤비 아우터', '#양말', '#얼킨 캔버스', '#엠에프엔티', '#이피티', '#토트백', '#트루퍼', '#패션스니커즈화', '#펜필드', '#헤인트', '#코디맵', '#방한', '#스트링', '#컬러블록', '#심볼', '#로고플레이']"
상의,후드 티셔츠,우먼즈 크롭 베어프렌즈 엠보자수 후드 오트밀(FCB3TS359W),FABULOUS ARCHIVE,"41,868","85,000원",https://image.msscdn.net/images/goods_img/20211124/2246471/2246471_2_500.jpg,,
바지,숏 팬츠,베이직 코듀로이 밴딩 쇼츠 [크림/롱],PLACE STUDIO,30,"69,000원",https://image.msscdn.net/images/goods_img/20231128/3736200/3736200_17011587273909_500.jpg,,
모자,트루퍼,로고 트루퍼 양털 이어플랩 크림,CPGN STUDIO,"1,790","38,000원",https://image.msscdn.net/images/goods_img/20231121/3725589/3725589_17005330493327_500.jpg,,
여성 가방,토트백,PUDDING BAG_GLOSSY CINNAMON,TUO,145,,https://image.msscdn.net/images/goods_img/20220922/2811405/2811405_16983749721076_500.jpg,,
신발,부츠,FUR LEG WARMER CHUNKY BOOTS,KHIHO,36,,https://image.msscdn.net/images/goods_img/20231101/3675252/3675252_17005447351165_500.jpg,,
,,,,,,,https://image.msscdn.net/images/codimap/detail/28701/detail_28701_1_500.jpg?202401121101,"['#겨울', '#아메카지', '#기호', '#꼼파뇨', '#무스탕/퍼', '#부츠', '#숏 팬츠', '#토트백', '#투오', '#트루퍼', '#팔렛', '#패블러스아카이브', '#플레이스 스튜디오', '#후드 티셔츠', '#코디맵', '#퍼', '#코듀로이', '#스웨이드', '#컬러블록', '#뉴트럴톤', '#레터링']"
아우터,무스탕/퍼,오블리크 오버핏 레더 무스탕 자켓 [BROWN],LEATHERY,"4,101","162,000원",https://image.msscdn.net/images/goods_img/20231019/3640578/3640578_16977683644072_500.jpg,,
상의,니트/스웨터,켈라니 니트_BROWN,GROVE,184,,https://image.msscdn.net/images/goods_img/20231109/3698549/3698549_16995011024250_500.jpg,,
스커트,미디스커트,VERON SKIRT [2COLOR],GROVE,35,,https://image.msscdn.net/images/goods_img/20231123/3729929/3729929_17007946517885_500.jpg,,
모자,기타 모자,CURLY BROWN BARACLAVA,ELKE BLOEM,17,,https://image.msscdn.net/images/goods_img/20231127/3734678/3734678_17010770831898_500.jpg,,
가방,메신저/크로스 백,쉘 레더 데이 백 [브라운],MILLO ARCHIVE,"1,337","138,000원",https://image.msscdn.net/images/goods_img/20220830/2755240/2755240_1_500.jpg,,
신발,부츠,오드릭 10i 부츠,DR.MARTENS,"1,095","320,000원",https://image.msscdn.net/images/goods_img/20221102/2913902/2913902_2_500.jpg,,
,,,,,,,https://image.msscdn.net/images/codimap/detail/28696/detail_28696_1_500.jpg?202401121101,"['#겨울', '#아메카지', '#그로브', '#기타 모자', '#니트/스웨터', '#닥터마틴', '#레더리', '#메신저/크로스 백', '#무스탕/퍼', '#미디스커트', '#밀로', '#부츠', '#엘케블룸']"
아우터,숏패딩/숏헤비 아우터,브라우니 숏 덕다운 자켓 우먼 LIGHT GREEN,KODAK,438,,https://image.msscdn.net/images/goods_img/20230922/3586377/3586377_16956038973777_500.jpg,,
상의,니트/스웨터,페어아일 스웨터-버터,BITTERCELLS,553,,https://image.msscdn.net/images/goods_img/20230904/3524602/3524602_16956886975581_500.jpg,,
스커트,롱스커트,여성 코듀로이 롱스커트 (Charcoal),HIDEOUT,121,"119,000원",https://image.msscdn.net/images/goods_img/20230919/3572007/3572007_16951090589619_500.jpg,,
모자,버킷/사파리햇,H smile 여성 플리스 햇 (Ivory),HIDEOUT,35,"59,000원",https://image.msscdn.net/images/goods_img/20231006/3607537/3607537_16975324660645_500.jpg,,
가방,토트백,포켓 머그 토트백 (Black),HIDEOUT,363,,https://image.msscdn.net/images/goods_img/20230817/3470049/3470049_16922405140969_500.jpg,,
신발,부츠,브라우니 클래식 부츠 KHAKI,KODAK,672,"279,000원",https://image.msscdn.net/images/goods_img/20221006/2843815/2843815_1_500.jpg,,
,,,,,,,https://image.msscdn.net/images/codimap/detail/28659/detail_28659_1_500.jpg?202401121101,"['#겨울', '#아메카지', '#니트/스웨터', '#롱스커트', '#버킷/사파리햇', '#부츠', '#비터셀즈', '#숏패딩/숏헤비 아우터', '#코닥', '#토트백', '#하이드아웃', '#코디맵', '#맥시', '#플리스', '#코듀로이', '#컬러블록', '#뉴트럴톤', '#로고플레이', '#방한']"
아우터,숏패딩/숏헤비 아우터,Urban Crop Leather Padding (Brown),JULIAPEPE,"8,299","189,000원",https://image.msscdn.net/images/goods_img/20220925/2817632/2817632_2_500.png,,
아우터,카디건,배색 집업 가디건 [BROWN],ORDINARY HOLIDAY,222,,https://image.msscdn.net/images/goods_img/20230919/3574405/3574405_16953633708778_500.jpg,,
스커트,미니스커트,절개 포인트 데님 스커트 [BLUE],ORDINARY HOLIDAY,169,,https://image.msscdn.net/images/goods_img/20230807/3447052/3447052_16927502620260_500.jpg,,
여성 가방,토트백,Perfec Oblong Boston S (퍼펙 오블롱 보스턴 스몰) Camel,VUNQUE,438,,https://image.msscdn.net/images/goods_img/20231122/3727824/3727824_17042439304975_500.jpg,,
양말/레그웨어,양말,LABEL LEG WARMER BLUE,AMES-WORLDWIDE,251,"59,000원",https://image.msscdn.net/images/goods_img/20230918/3570678/3570678_16976073679289_500.jpg,,
스니커즈,기타 스니커즈,NBP7DF711O / U574HT2 (ORANGE),NEW BALANCE,"4,285",,https://image.msscdn.net/images/goods_img/20220823/2734300/2734300_16824004997808_500.jpg,,
,,,,,,,https://image.msscdn.net/images/codimap/detail/28652/detail_28652_1_500.jpg?202401121101,"['#겨울', '#아메카지', '#기타 스니커즈', '#뉴발란스', '#미니스커트', '#분크', '#숏패딩/숏헤비 아우터', '#아메스 월드와이드', '#양말', '#오디너리홀리데이', '#줄리아페페', '#카디건', '#토트백', '#코디맵', '#절개', '#크롭', '#컬러블록', '#짧치', '#컬러포인트', '#유니크']"
아우터,레더/라이더스 재킷,TASSEL LEATHER JACKET BROWN,ASIF CALIE,600,"327,000원",https://image.msscdn.net/images/goods_img/20230925/3593388/3593388_16970139881083_500.jpg,,
상의,니트/스웨터,Ponte Crew-neck Sweater (Green),SIENNE,74,,https://image.msscdn.net/images/goods_img/20231110/3703082/3703082_16995912192252_500.jpg,,
스커트,롱스커트,Corduroy Long Skirt D/Brown,FROMWHERE,24,,https://image.msscdn.net/images/goods_img/20231006/3608128/3608128_16965594507633_500.jpg,,
모자,트루퍼,Tito Double-sided Hat (Camel),SIENNE,76,,https://image.msscdn.net/images/goods_img/20231124/3733155/3733155_17010673515463_500.jpg,,
여성 가방,크로스백,Leather Mini Bag Beige,FROMWHERE,34,"124,000원",https://image.msscdn.net/images/goods_img/20230523/3318355/3318355_16965699609334_500.jpg,,
양말/레그웨어,양말,롱 니트 레그 워머_베이지,CRANK,283,,https://image.msscdn.net/images/goods_img/20230807/3446955/3446955_16916337889786_500.jpg,,
,,,,,,,https://image.msscdn.net/images/codimap/detail/28648/detail_28648_65824536aef18_500.jpg?202401121101,"['#겨울', '#아메카지', '#니트/스웨터', '#레더/라이더스 재킷', '#롱스커트', '#메신저/크로스 백', '#베어파우', '#시엔느', '#양말', '#에즈이프 캘리', '#크랭크', '#크로스백', '#트루퍼', '#프롬웨얼', '#코디맵', '#스웨이드', '#레더', '#컬러블록', '#코듀로이', '#비건패션', '#컬러포인트', '#빈티지', '#방한']"
아우터,무스탕/퍼,버튼 리버시블 퍼 자켓 [카키],MILLO WOMEN,"1,855","258,000원",https://image.msscdn.net/images/goods_img/20230927/3599204/3599204_16989079040481_500.jpg,,
아우터,카디건,스노우 자카드 니트 집업 [아이보리],MILLO WOMEN,"3,675","208,000원",https://image.msscdn.net/images/goods_img/20230915/3565903/3565903_16988057406181_500.jpg,,
바지,코튼 팬츠,코튼 카브 팬츠 [베이지],MILLO WOMEN,819,"98,000원",https://image.msscdn.net/images/goods_img/20230907/3542967/3542967_16988047385750_500.jpg,,
여성 가방,토트백,버블리 미니(Black),ALKI ALKA,151,,https://image.msscdn.net/images/goods_img/20231106/3687994/3687994_16992561022390_500.jpg,,
신발,구두,1461 3홀 블랙 나파 / 11838001,DR.MARTENS,"10,166","210,000원",https://image.msscdn.net/images/goods_img/20170728/595038/595038_4_500.jpg,,
모자,비니,스트라이프 쓰리 스타 로고 모헤어 비니_블랙(NG2DFUAB23A),NICEGHOSTCLUB,"10,384","49,000원",https://image.msscdn.net/images/goods_img/20230829/3511774/3511774_16943963539738_500.jpg,,
,,,,,,,https://image.msscdn.net/images/codimap/detail/28601/detail_28601_1_500.jpg?202401121101,"['#겨울', '#아메카지', '#구두', '#나이스고스트클럽', '#닥터마틴', '#무스탕/퍼', '#밀로 우먼', '#비니', '#알키알카', '#카디건', '#코튼 팬츠', '#토트백', '#코디맵', '#리버서블', '#컬러블록', '#와이드핏', '#오버핏']"
아우터,숏패딩/숏헤비 아우터,Hooded Short Padding (Khaki),LOVEUSU,59,,https://image.msscdn.net/images/goods_img/20231122/3727585/3727585_17005857427388_500.jpg,,
상의,니트/스웨터,워셔블 아란 케이블 후드 집업 니트 (IVORY),TRILLION,"29,502","69,000원",https://image.msscdn.net/images/goods_img/20231019/3640947/3640947_16977039964218_500.jpg,,
바지,데님 팬츠,Brush Curved Denim Pants (deep blue),LOVEUSU,76,,https://image.msscdn.net/images/goods_img/20230907/3539362/3539362_16940622119196_500.jpg,,
모자,캡/야구 모자,"Corduroy Boucle Logo Ball Cap, Wine",KUMÉ,43,,https://image.msscdn.net/images/goods_img/20230925/3591799/3591799_16956230440665_500.jpg,,
여성 가방,숄더백,Drawstring padding bag,URAGO,306,"56,000원",https://image.msscdn.net/images/goods_img/20231117/3720675/3720675_17007241498584_500.jpg,,
신발,슬리퍼,퍼 카라 스웨이드 플랫폼 슬리퍼 (디스케트) W - 체스넛 / 1122550CHE,UGG,"18,247",,https://image.msscdn.net/images/goods_img/20210728/2042863/2042863_1_500.jpg,,
,,,,,,,https://image.msscdn.net/images/codimap/detail/28583/detail_28583_1_500.jpg?202401121101,"['#겨울', '#아메카지', '#니트/스웨터', '#데님 팬츠', '#러브어스유', '#숄더백', '#숏패딩/숏헤비 아우터', '#슬리퍼', '#어그', '#유라고', '#캡/야구 모자', '#쿠메', '#트릴리온', '#워싱', '#코듀로이', '#와이드핏', '#원마일웨어', '#방한', '#코디맵']"
아우터,숏패딩/숏헤비 아우터,Kuwamura Reversible Padding (Black),LOVEUSU,97,,https://image.msscdn.net/images/goods_img/20231122/3727583/3727583_17005853161402_500.jpg,,
아우터,카디건,넘버링 자카드 니트 집업 가디건_브라운,PARTIMENTO WOMEN,295,"89,000원",https://image.msscdn.net/images/goods_img/20230913/3558384/3558384_16953841122298_500.jpg,,
상의,긴소매 티셔츠,카울넥 롱 슬리브 티_더스티 옐로우,PARTIMENTO WOMEN,428,"49,000원",https://image.msscdn.net/images/goods_img/20230913/3558331/3558331_16953850053088_500.jpg,,
바지,기타 바지,쓰리 스타 패디드 팬츠_브라운(NG2DWUPA10A),NICEGHOSTCLUB,276,"99,000원",https://image.msscdn.net/images/goods_img/20230926/3595038/3595038_16969987437523_500.jpg,,
여성 가방,크로스백,MINI BROT - CHOCO BROWN,OSOI,"1,261",,https://image.msscdn.net/images/goods_img/20210908/2117335/2117335_3_500.jpg,,
,,,,,,,https://image.msscdn.net/images/codimap/detail/28549/detail_28549_1_500.jpg?202401121101,"['#겨울', '#아메카지', '#기타 바지', '#긴소매 티셔츠', '#나이스고스트클럽', '#러브어스유', '#메신저/크로스 백', '#숏패딩/숏헤비 아우터', '#아디다스', '#오소이', '#카디건', '#크로스백', '#티켓', '#파르티멘토 우먼', '#코디맵', '#리버서블', '#컬러블록', '#뉴트럴톤', '#와이드핏', '#레이어드룩', '#체크', '#오버핏']"
아우터,겨울 싱글 코트,핸드메이드 미니멀 하프 코트 - 베이지,LAMINEZ,709,"149,000원",https://image.msscdn.net/images/goods_img/20231103/3682833/3682833_16989920556402_500.jpg,,
바지,코튼 팬츠,코듀로이 부츠컷 팬츠 - 차콜,LAMINEZ,489,"59,000원",https://image.msscdn.net/images/goods_img/20231103/3682682/3682682_16989834970855_500.jpg,,
모자,캡/야구 모자,스테디 로고 볼캡 [네이비],DEPOUND,389,,https://image.msscdn.net/images/goods_img/20230223/3104231/3104231_16786966649001_500.jpg,,
여성 가방,크로스백,Red Crust Baguette bag_Butter Yellow,MAISON CREME,108,,https://image.msscdn.net/images/goods_img/20231004/3603542/3603542_16964233816518_500.jpg,,
액세서리,장갑,핑거홀 라벨포인트 롱 글러브(KD3KGF6102FBRN),KEDS,83,"59,000원",https://image.msscdn.net/images/goods_img/20230808/3449173/3449173_16915423649103_500.jpg,,
신발,힐/펌프스,챔피온 스트랩 해리스트위드 메리제인 (5XM02341F200),KEDS,642,,https://image.msscdn.net/images/goods_img/20230717/3412118/3412118_16947564497185_500.jpg,,
,,,,,,,https://image.msscdn.net/images/codimap/detail/28496/detail_28496_1_500.jpg?202401121101,"['#겨울', '#아메카지', '#겨울 싱글 코트', '#니트/스웨터', '#드파운드', '#라미네즈', '#로에일', '#메신저/크로스 백', '#메종크렘', '#장갑', '#캡/야구 모자', '#케즈', '#코튼 팬츠', '#크로스백', '#힐/펌프스', '#코듀로이', '#얼죽코', '#부츠컷', '#스트라이프', '#방한', '#코디맵']"
아우터,슈트/블레이저 재킷,brett wool jacket - dark navy,SOMEWHEREBUTTER,625,,https://image.msscdn.net/images/goods_img/20231010/3614248/3614248_16988919680357_500.jpg,,
상의,니트/스웨터,country sweater - khaki,SOMEWHEREBUTTER,430,,https://image.msscdn.net/images/goods_img/20231107/3689475/3689475_17024316873244_500.png,,
바지,기타 바지,22WT EAST PANTS (이스트 팬츠),GROVE,"1,417","138,000원",https://image.msscdn.net/images/goods_img/20221201/2968095/2968095_1_500.jpg,,
액세서리,머플러,마일리 숄 머플러_BROWN,GROVE,95,,https://image.msscdn.net/images/goods_img/20231109/3698558/3698558_16994996058223_500.jpg,,
여성 가방,숄더백,Bagel bag-sand,DEMAKER,93,"128,000원",https://image.msscdn.net/images/goods_img/20220603/2597927/2597927_1_500.jpg,,
스니커즈,패션스니커즈화,COURT HIGH (OFF WHITE/TOFU/GREEN),EPT,31,,https://image.msscdn.net/images/goods_img/20231123/3730735/3730735_17007258148782_500.jpg,,
,,,,,,,https://image.msscdn.net/images/codimap/detail/28490/detail_28490_1_500.jpg?202401121101,"['#겨울', '#아메카지', '#그로브', '#기타 바지', '#니트/스웨터', '#드메이커', '#머플러', '#숄더백', '#슈트/블레이저 재킷', '#썸웨어버터', '#이피티', '#패션스니커즈화', '#뉴트럴톤', '#부츠컷', '#얼죽코', '#오버핏', '#올드머니', '#코디맵']"
아우터,무스탕/퍼,Big Collar Wool Mustang (Camel),LOVEUSU,146,,https://image.msscdn.net/images/goods_img/20231122/3727568/3727568_17005825002181_500.jpg,,
모자,캡/야구 모자,love us u cotton cap(green),LOVEUSU,7,,https://image.msscdn.net/images/goods_img/20230713/3408095/3408095_16892395443391_500.jpg,,
신발,부츠,Goat sprit boots (brown),LOVEUSU,30,,https://image.msscdn.net/images/goods_img/20230821/3481670/3481670_16941658238517_500.jpg,,
,,,,,,,https://image.msscdn.net/images/codimap/detail/28440/detail_28440_1_500.jpg?202401121101,"['#겨울', '#아메카지', '#러브어스유', '#롱스커트', '#무스탕/퍼', '#부츠', '#비스크', '#시엔느', '#카디건', '#캡/야구 모자', '#토트백', '#플리스', '#셔링', '#스웨이드', '#플리츠', '#컬러블록', '#뉴트럴톤', '#아가일', '#오버핏', '#로고플레이', '#올드머니', '#코디맵']"
아우터,겨울 기타 코트,우먼 쉐르파 더플 코트 브라운,COVERNAT,520,"279,000원",https://image.msscdn.net/images/goods_img/20230919/3571422/3571422_16956952137588_500.jpg,,
바지,데님 팬츠,슬릿 스트레이트 데님팬츠 블루,FALLETT,225,"139,000원",https://image.msscdn.net/images/goods_img/20230207/3065721/3065721_16777371832978_500.jpg,,
여성 가방,숄더백,Bonita 보니타 - 7color,DONKIE,"3,857","94,000원",https://image.msscdn.net/images/goods_img/20230825/3498825/3498825_16930496705082_500.jpg,,
액세서리,머플러,스토리 로고 롱 머플러 비비드 그린,FALLETT,"10,884","43,000원",https://image.msscdn.net/images/goods_img/20220914/2792348/2792348_2_500.jpg,,
신발,구두,1461 쿼드 II,DR.MARTENS,411,"250,000원",https://image.msscdn.net/images/goods_img/20230228/3114160/3114160_16787638956457_500.jpg,,
,,,,,,,https://image.msscdn.net/images/codimap/detail/28435/detail_28435_1_500.jpg?202401121101,"['#겨울', '#아메카지', '#겨울 기타 코트', '#구두', '#닥터마틴', '#데님 팬츠', '#돈키', '#맨투맨/스웨트셔츠', '#머플러', '#숄더백', '#커버낫', '#팔렛', '#절개', '#컷아웃', '#퍼', '#와이드핏', '#플라워', '#컬러포인트', '#로고플레이', '#코디맵']"
아우터,슈트/블레이저 재킷,라슨 울 셋업 오버핏 자켓(JK-2875),ATELIER NAIN,103,"198,000원",https://image.msscdn.net/images/goods_img/20231030/3666960/3666960_16986282379104_500.jpg,,
아우터,카디건,woodbutton cable cardigan - charcoal,SOMEWHEREBUTTER,870,,https://image.msscdn.net/images/goods_img/20231114/3710213/3710213_17002005875667_500.jpg,,
바지,데님 팬츠,vintage wide denim pants - middle blue,SOMEWHEREBUTTER,288,,https://image.msscdn.net/images/goods_img/20230811/3461875/3461875_17024311860719_500.jpg,,
여성 가방,크로스백,히엘로 토트앤 크로스백,MCLANEE,329,,https://image.msscdn.net/images/goods_img/20220630/2640841/2640841_1_500.jpg,,
스니커즈,캔버스/단화,X CATCHBALL MOLESKIN DECK SHOES MID HI oatmeal,BEHEAVYER,110,,https://image.msscdn.net/images/goods_img/20231113/3706423/3706423_16998585623076_500.jpg,,
,,,,,,,https://image.msscdn.net/images/codimap/detail/28425/detail_28425_1_500.jpg?202401121101,"['#겨울', '#아메카지', '#데님 팬츠', '#맥끌라니', '#메신저/크로스 백', '#비헤비어', '#슈트/블레이저 재킷', '#썸웨어버터', '#아틀리에 나인', '#카디건', '#캔버스/단화', '#크로스백', '#워싱', '#얼죽코', '#빈티지', '#오버핏', '#올드머니', '#코디맵']"
아우터,카디건,hood knit cardigan (beige),MIDNIGHT MOVE,156,"102,000원",https://image.msscdn.net/images/goods_img/20231117/3718797/3718797_17001468101914_500.jpg,,
스커트,롱스커트,ANGLER CARGO SKIRT DARK BROWN_FP3KS11F,PENFIELD,109,"129,000원",https://image.msscdn.net/images/goods_img/20230901/3523479/3523479_16945737226493_500.jpg,,
모자,비니,헤어리 니트 비니모자_베이지,KOOKEESEE,60,,https://image.msscdn.net/images/goods_img/20231118/3721387/3721387_17002372237153_500.png,,
여성 가방,크로스백,팝콘백 탱고,MARHEN.J,102,"169,000원",https://image.msscdn.net/images/goods_img/20231121/3725808/3725808_17007039418726_500.jpg,,
신발,부츠,ROLAROLA X ATT SUEDE MIDDLE BOOTS CAMEL,ROLAROLA,185,"179,000원",https://image.msscdn.net/images/goods_img/20231113/3705778/3705778_17002024981660_500.jpg,,
아우터,숏패딩/숏헤비 아우터,ROCKWOOL DOWN JUMPER KHAKI_FP4WD12U,PENFIELD,321,"279,000원",https://image.msscdn.net/images/goods_img/20230901/3523501/3523501_17011532436023_500.jpg,,
,,,,,,,https://image.msscdn.net/images/codimap/detail/28389/detail_28389_1_500.jpg?202401121101,"['#겨울', '#아메카지', '#로라로라', '#롱스커트', '#마르헨제이', '#메신저/크로스 백', '#미드나잇 무브', '#부츠', '#비니', '#숏패딩/숏헤비 아우터', '#카디건', '#쿠키시', '#크로스백', '#펜필드', '#프린지', '#플리스', '#레더', '#컬러블록', '#맥시', '#셔링', '#워싱', '#카고', '#스웨이드', '#뉴트럴톤', '#코디맵']"
아우터,무스탕/퍼,Reversible Shearing Coat VC239OFU002M,VOCAVACA,252,"399,000원",https://image.msscdn.net/images/goods_img/20230926/3596407/3596407_16970977672839_500.jpg,,
상의,니트/스웨터,로프 스웨터-크림,BITTERCELLS,"1,391","79,000원",https://image.msscdn.net/images/goods_img/20230721/3419843/3419843_16920088644750_500.jpg,,
바지,기타 바지,코듀로이 아웃포켓 스트레이트 팬츠  애플그린 (323X21LPDK),8SECONDS,117,"54,900원",https://image.msscdn.net/images/goods_img/20230926/3595714/3595714_17013075859962_500.jpg,,
가방,토트백,제트 블랙/프로빈셜 라지 투웨이 토트백 [1113.C513],LESPORTSAC,23,,https://image.msscdn.net/images/goods_img/20231109/3699027/3699027_16994930370799_500.jpg,,
스니커즈,캔버스/단화,슬립-ER 2 - 그래블 / VN0A4UWOGRX1,VANS,277,,https://image.msscdn.net/images/goods_img/20231115/3714640/3714640_17001112525693_500.jpg,,
,,,,,,,https://image.msscdn.net/images/codimap/detail/28371/detail_28371_1_500.jpg?202401121101,"['#겨울', '#아메카지', '#기타 모자', '#기타 바지', '#니트/스웨터', '#레스포색', '#무스탕/퍼', '#반스', '#보카바카', '#비터셀즈', '#에잇세컨즈', '#캔버스/단화', '#토트백', '#방한', '#퀼팅', '#플리스', '#리버서블', '#코듀로이', '#로고플레이', '#레터링', '#코디맵']"
아우터,숏패딩/숏헤비 아우터,엔젤 덕다운 퍼핀 숏푸퍼 핑크,WHATITISNT,645,"219,000원",https://image.msscdn.net/images/goods_img/20230915/3566146/3566146_16957053867103_500.jpg,,
상의,맨투맨/스웨트셔츠,LAUGHING RETRIEVER CROP CREWNECK [CHARCOAL],RETRIEVER CLUB,"1,507","59,000원",https://image.msscdn.net/images/goods_img/20220805/2700502/2700502_1_500.jpg,,
여성 가방,백팩,GYM SACK_COOL,THENCE,372,,https://image.msscdn.net/images/goods_img/20230414/3234875/3234875_16814427700692_500.jpg,,
스포츠/용품,스포츠신발,피크 로우 MTX 여성,HUMTTO,490,"161,600원",https://image.msscdn.net/images/goods_img/20230412/3227524/3227524_16812725552342_500.png,,
,,,,,,,https://image.msscdn.net/images/codimap/detail/28336/detail_28336_1_500.jpg?202401121101,"['#겨울', '#아메카지', '#더블제이디', '#덴스', '#등산/트레킹화', '#리트리버클럽', '#맨투맨/스웨트셔츠', '#백팩', '#숏패딩/숏헤비 아우터', '#스포츠 스니커즈', '#와릿이즌', '#트레이닝/조거 팬츠', '#험토', '#크롭', '#워싱', '#카고', '#컬러블록', '#와이드핏', '#오버핏', '#레터링', '#편안한', '#코디맵']"
아우터,카디건,터틀넥 크롭 니트 가디건_베이지,HIGH SCHOOL DISCO,117,"76,000원",https://image.msscdn.net/images/goods_img/20231120/3723762/3723762_17010642883954_500.png,,
바지,데님 팬츠,논페이드 인시전 데님 팬츠 [다크 블루],RUNNINGHIGH,157,"98,000원",https://image.msscdn.net/images/goods_img/20230921/3584144/3584144_16957882558681_500.jpg,,
여성 가방,숄더백,sender P shoulder L_3 colors,4DEAWORKS,13,,https://image.msscdn.net/images/goods_img/20231005/3606680/3606680_16964995528117_500.jpg,,
신발,부츠,여성 3아이 프리미엄 플랫폼 보트슈즈 - 버건디 / A2QDM-D57,TIMBERLAND,98,,https://image.msscdn.net/images/goods_img/20230821/3480098/3480098_16926641764305_500.jpg,,
,,,,,,,https://image.msscdn.net/images/codimap/detail/28330/detail_28330_1_500.jpg?202401121101,"['#겨울', '#아메카지', '#기타 아우터', '#데님 팬츠', '#러닝하이', '#바버', '#부츠', '#블로퍼', '#숄더백', '#스카프/반다나', '#카디건', '#팀버랜드', '#포디어웍스', '#하이스쿨디스코', '#절개', '#퀼팅', '#스티치', '#키높이', '#컬러블록', '#빈티지', '#방한', '#코디맵']"
아우터,무스탕/퍼,컬리 퍼 자켓 [BROWN],ORDINARY HOLIDAY,428,,https://image.msscdn.net/images/goods_img/20230919/3574841/3574841_16963982888214_500.jpg,,
상의,니트/스웨터,ANGORA PULLOVER KNIT_CREAM,NICK&NICOLE,"5,921","69,000원",https://image.msscdn.net/images/goods_img/20230907/3540312/3540312_16940669938820_500.jpg,,
스커트,롱스커트,사이드 프린지 데님 스커트 [BLUE],ORDINARY HOLIDAY,"1,787",,https://image.msscdn.net/images/goods_img/20230807/3446843/3446843_16927508515803_500.jpg,,
모자,캡/야구 모자,워시드 프린지 볼캡 [2 COLOR],ORDINARY HOLIDAY,64,,https://image.msscdn.net/images/goods_img/20230831/3519603/3519603_16944271933856_500.jpg,,
여성 가방,숄더백,크랙 스웨이드 빅 숄더백 [2 COLOR],ORDINARY HOLIDAY,654,,https://image.msscdn.net/images/goods_img/20230831/3519591/3519591_16989125104839_500.jpg,,
신발,부츠,오버로크 스티치 숏 부츠 (클래식 숏 II) W - 체스넛 / 1016223CHE,UGG,"8,046",,https://image.msscdn.net/images/goods_img/20210728/2042868/2042868_1_500.jpg,,
,,,,,,,https://image.msscdn.net/images/codimap/detail/28328/detail_28328_1_500.jpg?202401121101,"['#겨울', '#아메카지', '#니트/스웨터', '#닉앤니콜', '#롱스커트', '#무스탕/퍼', '#부츠', '#숄더백', '#어그', '#오디너리홀리데이', '#캡/야구 모자', '#프린지', '#맥시', '#퍼', '#워싱', '#로고플레이', '#빈티지', '#방한', '#코디맵']"
아우터,겨울 기타 코트,Alpaca boucle half coat - butter,SOMEWHEREBUTTER,"1,237",,https://image.msscdn.net/images/goods_img/20231113/3706139/3706139_16999464560109_500.jpg,,
아우터,카디건,그랜마 가디건_차콜,WITHOUT SUMMER,124,,https://image.msscdn.net/images/goods_img/20231112/3704662/3704662_17000087896659_500.jpg,,
바지,코튼 팬츠,리버 코듀로이 팬츠_머스타드,WITHOUT SUMMER,128,,https://image.msscdn.net/images/goods_img/20231112/3704649/3704649_17000137526922_500.jpg,,
액세서리,장갑,[핑거홀] 그레이 멜란지 울캐시미어혼방 엄지 핑거홀 장갑,JILLSTUART ACC,70,"52,000원",https://image.msscdn.net/images/goods_img/20230830/3515061/3515061_16987293652191_500.jpg,,
여성 가방,숄더백,Nastro Shoulder Bag [Khaki],GRAIN DE BEAUTE,13,"118,000원",https://image.msscdn.net/images/goods_img/20231117/3720777/3720777_17004698865387_500.jpg,,
,,,,,,,https://image.msscdn.net/images/codimap/detail/28285/detail_28285_1_500.jpg?202401121101,"['#겨울', '#아메카지', '#겨울 기타 코트', '#그랭드보떼', '#숄더백', '#썸웨어버터', '#아디다스', '#위드아웃썸머', '#장갑', '#질스튜어트액세서리', '#카디건', '#코튼 팬츠', '#패션스니커즈화', '#코듀로이', '#뉴트럴톤', '#오버핏', '#빈티지', '#방한', '#코디맵']"
아우터,플리스/뽀글이,Charmant Sherpa (BRW) ASJF233KR38-BRW,SAINT JAMES,63,,https://image.msscdn.net/images/goods_img/20230926/3595803/3595803_17035510099351_500.jpg,,
액세서리,머플러,NAT cashmere petit muffler hello cat green,SOCKS APPEAL,40,,https://image.msscdn.net/images/goods_img/20231103/3684192/3684192_16989960794856_500.jpg,,
,,,,,,,https://image.msscdn.net/images/codimap/detail/28275/detail_28275_2_500.jpg?202401121101,"['#겨울', '#아메카지', '#머플러', '#삭스어필', '#세인트제임스', '#숄더백', '#시엔느', '#아카이브앱크', '#카디건', '#코튼 팬츠', '#플랫 슈즈', '#플리스/뽀글이', '#퀼팅', '#리버서블', '#코듀로이', '#플라워', '#파스텔', '#컬러포인트', '#방한', '#코디맵']"
아우터,슈트/블레이저 재킷,wool single jacket (brown),MOIA,20,,https://image.msscdn.net/images/goods_img/20230831/3516773/3516773_16941392933822_500.jpg,,
상의,니트/스웨터,터틀넥 케이블 니트 투웨이 크롭 카라 집업 가디건 (블루),PLACE STUDIO,761,"86,000원",https://image.msscdn.net/images/goods_img/20230802/3440789/3440789_16910373635767_500.jpg,,
바지,데님 팬츠,vintage denim (indigo),MOIA,16,,https://image.msscdn.net/images/goods_img/20230831/3516797/3516797_16941362140791_500.jpg,,
여성 가방,숄더백,Small Pound bag (Brown),VEY,123,,https://image.msscdn.net/images/goods_img/20231018/3635108/3635108_16975588163769_500.jpg,,
스니커즈,캔버스/단화,German Military White3 (Exclusive edition),REPRODUCTION OF FOUND,133,"334,000원",https://image.msscdn.net/images/goods_img/20230516/3299766/3299766_16842240490484_500.jpg,,
,,,,,,,https://image.msscdn.net/images/codimap/detail/28224/detail_28224_1_500.jpg?202401121101,"['#겨울', '#아메카지', '#니트/스웨터', '#데님 팬츠', '#리프로덕션 오브 파운드', '#모이아', '#베이', '#숄더백', '#슈트/블레이저 재킷', '#캔버스/단화', '#플레이스 스튜디오', '#크롭', '#워싱', '#컬러블록', '#와이드핏', '#컬러포인트', '#코디맵']"
아우터,무스탕/퍼,티퍼 자켓_KHAKI,GROVE,108,,https://image.msscdn.net/images/goods_img/20231109/3698535/3698535_16995016470537_500.jpg,,
아우터,카디건,Uncle Man Jacquard Cardigan (Green),SIENNE,441,,https://image.msscdn.net/images/goods_img/20230911/3548246/3548246_16944162515584_500.jpg,,
스커트,미디스커트,Courduroy Pocket Skirt in Camel VW3WS332-92,RAIVE,41,,https://image.msscdn.net/images/goods_img/20231110/3703332/3703332_16995952924535_500.jpg,,
여성 가방,토트백,SIAC3015 shearing tote bag_Brown_M,SIYAZU,180,"97,000원",https://image.msscdn.net/images/goods_img/20231108/3695454/3695454_16994163612046_500.jpg,,
신발,부츠,겨울 털부츠 키높이 여성화 Fia IF-1877-85 체스트넛,INNUIT,"8,244","99,000원",https://image.msscdn.net/images/goods_img/20231103/3683194/3683194_16989873587118_500.jpg,,
,,,,,,,https://image.msscdn.net/images/codimap/detail/28173/detail_28173_1_500.jpg?202401121101,"['#겨울', '#아메카지', '#그로브', '#레이브', '#무스탕/퍼', '#미디스커트', '#부츠', '#시야쥬', '#시엔느', '#이누이트', '#카디건', '#토트백', '#플리스', '#핀턱', '#카고', '#뉴트럴톤', '#방한', '#코디맵']"
아우터,숏패딩/숏헤비 아우터,리버시블 퀼팅 자켓_브라운,PARTIMENTO WOMEN,634,"179,000원",https://image.msscdn.net/images/goods_img/20231023/3650249/3650249_16983841134353_500.jpg,,
상의,니트/스웨터,케이블 카라 단추 울 니트 - 그레이,BY GINGER,7,,https://image.msscdn.net/images/goods_img/20231115/3712437/3712437_17000232733028_500.jpg,,
바지,데님 팬츠,Loose Fit Denim Pants_ Raw,SALON DE YOHN,52,,https://image.msscdn.net/images/goods_img/20230831/3517145/3517145_16934577188989_500.jpg,,
여성 가방,토트백,캔버스 토트백 (3 color) - 그린,BY GINGER,28,,https://image.msscdn.net/images/goods_img/20230522/3313293/3313293_16871796832284_500.jpg,,
신발,부츠,여성 킨스레이 통굽 부츠 블랙_TB0A25C40011,TIMBERLAND,77,"268,000원",https://image.msscdn.net/images/goods_img/20230407/3216197/3216197_16943964100757_500.jpg,,
,,,,,,,https://image.msscdn.net/images/codimap/detail/28167/detail_28167_1_500.jpg?202401121101,"['#겨울', '#아메카지', '#니트/스웨터', '#데님 팬츠', '#바이진저', '#부츠', '#살롱 드 욘', '#숏패딩/숏헤비 아우터', '#토트백', '#팀버랜드', '#파르티멘토 우먼', '#퀼팅', '#컬러블록', '#오버핏', '#로고플레이', '#레터링', '#코디맵']"
아우터,겨울 더블 코트,컬렉션 헤링본 오버핏 하프 코트 [브라운],KIRSH,251,"259,000원",https://image.msscdn.net/images/goods_img/20230907/3542869/3542869_16940893487410_500.jpg,,
아우터,카디건,위티 버니 자카드 가디건 [차콜],KIRSH,525,"129,000원",https://image.msscdn.net/images/goods_img/20230907/3542878/3542878_16940894090599_500.jpg,,
스커트,롱스커트,데님 맥시 스커트 [네이비],THE GREEN LAB,122,"79,000원",https://image.msscdn.net/images/goods_img/20230914/3562662/3562662_16947031690970_500.jpg,,
양말/레그웨어,양말,체리 포플레 오버 니삭스 [차콜],KIRSH,392,"19,000원",https://image.msscdn.net/images/goods_img/20230130/3047673/3047673_16750709135993_500.jpg,,
신발,블로퍼,조지 II FL,DR.MARTENS,368,"190,000원",https://image.msscdn.net/images/goods_img/20230920/3575827/3575827_16951876338652_500.jpg,,
,,,,,,,https://image.msscdn.net/images/codimap/detail/28161/detail_28161_1_500.jpg?202401121101,"['#겨울', '#아메카지', '#겨울 더블 코트', '#닥터마틴', '#더그린랩', '#롱스커트', '#마뗑킴', '#블로퍼', '#숄더백', '#양말', '#카디건', '#키르시', '#퀼팅', '#뉴트럴톤', '#오버핏', '#빈티지', '#코디맵']"
아우터,숏패딩/숏헤비 아우터,윈드셀 컴팩트 패딩 자켓_Deep Khaki,LAFUDGESTORE,"2,215","113,000원",https://image.msscdn.net/images/goods_img/20231106/3688127/3688127_16993353349264_500.jpg,,
상의,니트/스웨터,우먼 울 브이넥 믹스 니트 브라운,LEE,121,"89,000원",https://image.msscdn.net/images/goods_img/20231031/3672960/3672960_16987359897652_500.jpg,,
원피스,미디 원피스,[던가리스] 우먼 로코 데님 원피스 인디고 로우,LEE,147,,https://image.msscdn.net/images/goods_img/20230920/3576796/3576796_16951820248506_500.jpg,,
스포츠/용품,스포츠가방,NN2PP72K 화이트라벨 린도 쇼퍼백 미니,THE NORTH FACE,245,,https://image.msscdn.net/images/goods_img/20230922/3587151/3587151_16953607177035_500.jpg,,
스니커즈,패션스니커즈화,[VIBRAM]BRITO GREEN,JOSEPHT,"1,516",,https://image.msscdn.net/images/goods_img/20231031/3674279/3674279_16987578809999_500.jpg,,
,,,,,,,https://image.msscdn.net/images/codimap/detail/28119/detail_28119_1_500.jpg?202401121101,"['#겨울', '#아메카지', '#노스페이스', '#니트/스웨터', '#등산/트레킹화', '#라퍼지스토어', '#리', '#미디 원피스', '#숄더백', '#숏패딩/숏헤비 아우터', '#스포츠 스니커즈', '#조셉트', '#레이어드룩', '#로고플레이', '#빈티지', '#코디맵']"
상의,니트/스웨터,Gentle Jacquard Zip-up (Brown),SIENNE,115,,https://image.msscdn.net/images/goods_img/20231110/3703020/3703020_16995906338667_500.jpg,,
바지,데님 팬츠,[CONA 9506] 유니섹스 본딩 워싱 와이드 투버튼 팬츠 (빈티지블루),MILLIONCOR,922,"94,000원",https://image.msscdn.net/images/goods_img/20221116/2946500/2946500_16982891119158_500.jpg,,
모자,캡/야구 모자,Thomas Shearing Cap (Navy),SIENNE,116,,https://image.msscdn.net/images/goods_img/20231110/3703128/3703128_16995917409601_500.jpg,,
여성 가방,토트백,Shearing Bear Padding Bag (Navy),SIENNE,458,,https://image.msscdn.net/images/goods_img/20231110/3703027/3703027_16995907344879_500.jpg,,
스니커즈,캔버스/단화,클래식 슬립온 - (스티치) 체커보드 마쉬멜로우,VANS,207,,https://image.msscdn.net/images/goods_img/20231101/3674462/3674462_16994210183216_500.jpg,,
,,,,,,,https://image.msscdn.net/images/codimap/detail/28075/detail_28075_1_500.jpg?202401121101,"['#겨울', '#아메카지', '#컬러블록', '#오버핏', '#워싱', '#플리스', '#체커보드', '#빈티지', '#니트/스웨터', '#데님 팬츠', '#마뗑킴', '#밀리언코르', '#반스', '#슈트/블레이저 재킷', '#시엔느', '#캔버스/단화', '#캡/야구 모자', '#토트백', '#코디맵']"
아우터,슈트/블레이저 재킷,23AW Women Scape 3Button Jacket (Shetland-Check),ANOTHER OFFICE,52,,https://image.msscdn.net/images/goods_img/20230926/3596593/3596593_16970791917194_500.jpg,,
상의,기타 상의,하이 넥 풀 집_GRAISH PURPLE,BLANKROOM HER,36,,https://image.msscdn.net/images/goods_img/20230922/3587027/3587027_16957072901176_500.jpg,,
바지,데님 팬츠,데님 팬츠_DARK BLUE,BLANKROOM HER,50,,https://image.msscdn.net/images/goods_img/20230922/3586984/3586984_16957073159738_500.jpg,,
모자,캡/야구 모자,COOLEST FARMER BALL CAP - LIGHT GREY,EN OR,65,,https://image.msscdn.net/images/goods_img/20230503/3274050/3274050_16830897112619_500.jpg,,
여성 가방,크로스백,모나 투웨이 크로스백 / 브라운,DUMARO,"5,459","82,500원",https://image.msscdn.net/images/goods_img/20231112/3704928/3704928_16997976019418_500.jpg,,
스니커즈,패션스니커즈화,삼바 OG - 바이올렛:블랙 / IE7012,ADIDAS,"1,148",,https://image.msscdn.net/images/goods_img/20231103/3682250/3682250_16989951262264_500.jpg,,
,,,,,,,https://image.msscdn.net/images/codimap/detail/28069/detail_28069_1_500.jpg?202401121101,"['#겨울', '#아메카지', '#절개', '#핀턱', '#와이드핏', '#체크', '#레터링', '#믹스매치', '#기타 상의', '#데님 팬츠', '#두마로', '#메신저/크로스 백', '#블랭크룸 우먼', '#슈트/블레이저 재킷', '#아디다스', '#어나더 오피스', '#엔오르', '#캡/야구 모자', '#크로스백', '#패션스니커즈화', '#코디맵']"
아우터,숏패딩/숏헤비 아우터,여성 퀼팅 립스탑 라이닝 W QUILTED RIPSTOP LINIG,OUTDOOR PRODUCTS,219,"159,000원",https://image.msscdn.net/images/goods_img/20220823/2737230/2737230_6_500.jpg,,
상의,기타 상의,버튼업 포켓 아노락_그린,ROMANTIC CROWN,536,"88,000원",https://image.msscdn.net/images/goods_img/20220210/2352810/2352810_1_500.jpg,,
스커트,미디스커트,벌룬 스커트 BALLOON SKIRT,OUTDOOR PRODUCTS,41,,https://image.msscdn.net/images/goods_img/20230830/3512652/3512652_16933620820975_500.jpg,,
가방,메신저/크로스 백,133109 바디 백 133109  Body bag,OUTDOOR PRODUCTS,43,,https://image.msscdn.net/images/goods_img/20230202/3056584/3056584_16762606453434_500.jpg,,
신발,부츠,CLOUDY SNOW BOOTS - 2color,ROCKFISH WEATHERWEAR,"2,622","166,000원",https://image.msscdn.net/images/goods_img/20231019/3639564/3639564_16977805384110_500.jpg,,
,,,,,,,https://image.msscdn.net/images/codimap/detail/28058/detail_28058_1_500.jpg?202401121101,"['#겨울', '#아메카지', '#경량패딩', '#컬러블록', '#카고', '#로고플레이', '#퍼', '#방한', '#기타 상의', '#락피쉬웨더웨어', '#로맨틱크라운', '#메신저/크로스 백', '#미디스커트', '#부츠', '#숏패딩/숏헤비 아우터', '#아웃도어 프로덕츠', '#코디맵']"
아우터,무스탕/퍼,빅칼라 에코 무스탕  브라운 (112Y3VBYED),8SECONDS,517,"129,900원",https://image.msscdn.net/images/goods_img/20221115/2942153/2942153_2_500.jpg,,
상의,니트/스웨터,Pattern knit (oat gray),BLUEBRICK,57,,https://image.msscdn.net/images/goods_img/20231016/3630497/3630497_16976176891999_500.jpg,,
바지,기타 바지,Corduroy bermuda pants (cream),BLUEBRICK,246,,https://image.msscdn.net/images/goods_img/20231004/3601258/3601258_16974231565283_500.jpg,,
여성 가방,크로스백,LW 앨리스L,4DEAWORKS,77,"205,000원",https://image.msscdn.net/images/goods_img/20200903/1583295/1583295_16885410027393_500.jpg,,
신발,부츠,ljh1021 biker long boots _ 2colors,FRI FLA,662,"139,000원",https://image.msscdn.net/images/goods_img/20230907/3540583/3540583_16940680852114_500.jpg,,
,,,,,,,https://image.msscdn.net/images/codimap/detail/28026/detail_28026_1_500.jpg?202401121101,"['#겨울', '#아메카지', '#기타 바지', '#니트/스웨터', '#메신저/크로스 백', '#무스탕/퍼', '#부츠', '#블루브릭', '#에잇세컨즈', '#크로스백', '#포디어웍스', '#프리플라', '#빅카라', '#코듀로이', '#뉴트럴톤', '#코디맵']"
